user_id,name,username,created_at,description,entities,location,profile_image_url,protected,followers_count,following_count,tweet_count,listed_count,like_count,url,verified,withheld,deleted,date_scraped
1943332381,Germany in Afghanistan,GermanyinAFG,2013-10-07T07:25:53Z,"Official Twitter account of the German Embassy Kabul, currently based in Berlin & Doha.",,NA,https://pbs.twimg.com/profile_images/811089924275507200/rRMDbJQ8_normal.jpg,,142522,713,6226,357,2954,https://t.co/0sDnYIe5tI,,NA,FALSE,2024-04-15
1035966252450242560,German Ambassador to Afghanistan,GermanAmbAFG,2018-09-01T19:02:56Z,This account is currently inactive. Follow the German Embassy via @GermanyinAFG for regular updates.,,Kabul,https://pbs.twimg.com/profile_images/1426464311787114499/g3tloIFJ_normal.jpg,,14514,352,2461,98,3037,https://t.co/X3UXQaUFT2,,NA,FALSE,2024-04-15
782336555411275776,German Embassy Cairo,GermanEmbCairo,2016-10-01T21:49:04Z,Ø§Ù„Ø­Ø³Ø§Ø¨ Ø§Ù„Ø±Ø³Ù…ÙŠ Ù„Ù„Ø³ÙØ§Ø±Ø© Ø§Ù„Ø£Ù„Ù…Ø§Ù†ÙŠØ© Ø¨Ø§Ù„Ù‚Ø§Ù‡Ø±Ø©. Official Twitter account of the German Embassy in Cairo. Ø¨ÙŠØ§Ù†Ø§Øª Ø§Ù„Ù†Ø´Ø±: https://t.co/aYj4Ws6HX6,,"Ø§Ù„Ù‚Ø§Ù‡Ø±Ø©, Ù…ØµØ±",https://pbs.twimg.com/profile_images/935390367238811649/wsKF0Dpz_normal.jpg,,26851,178,4657,105,1329,https://t.co/GvK1HchAPS,,NA,FALSE,2024-04-15
2813003492,Germany @ Arab World,almaniadiplo,2014-09-16T11:50:44Z,Ù†Ø­Ù† Ø§Ù„Ù…Ø±ÙƒØ² Ø§Ù„Ø£Ù„Ù…Ø§Ù†ÙŠ Ù„Ù„Ø¥Ø¹Ù„Ø§Ù… Ø§Ù„ØªØ§Ø¨Ø¹ Ù„ÙˆØ²Ø§Ø±Ø© Ø§Ù„Ø®Ø§Ø±Ø¬ÙŠØ© Ø§Ù„Ø£Ù„Ù…Ø§Ù†ÙŠØ©. Ù…Ø¹Ù„ÙˆÙ…Ø§Øª Ù…ÙˆØ«ÙˆÙ‚ Ù…Ù†Ù‡Ø§ Ø¹Ù† Ø£Ù„Ù…Ø§Ù†ÙŠØ§ ÙˆØ³ÙŠØ§Ø³ØªÙ‡Ø§ Ø§Ù„Ø®Ø§Ø±Ø¬ÙŠØ© Ù„Ù„Ø¹Ø§Ù„Ù… Ø§Ù„Ø¹Ø±Ø¨ÙŠ.Ø¨ÙŠØ§Ù†Ø§Øª Ø§Ù„Ù†Ø´Ø±:https://t.co/EkaOCfkqhB,,NA,https://pbs.twimg.com/profile_images/1059042700354338816/vcKz1Ir6_normal.jpg,,150815,549,15545,264,3171,http://t.co/gCmyF3jq46,,NA,FALSE,2024-04-15
1301613678194757634,Dr. Dennis Kumetat,natiq_almani,2020-09-03T20:12:07Z,"Ø§Ù„Ø­Ø³Ø§Ø¨ Ø§Ù„Ø±Ø³Ù…ÙŠ Ù„Ù„Ù…ØªØ­Ø¯Ø« Ø¨Ø§Ø³Ù… ÙˆØ²Ø§Ø±Ø© Ø§Ù„Ø®Ø§Ø±Ø¬ÙŠØ© Ø§Ù„Ø£Ù„Ù…Ø§Ù†ÙŠØ© ÙÙŠ Ù…Ù†Ø·Ù‚Ø© Ø§Ù„Ø´Ø±Ù‚ Ø§Ù„Ø£ÙˆØ³Ø· Ùˆ Ø´Ù…Ø§Ù„ Ø£ÙØ±ÙŠÙ‚ÙŠØ§. Ù„Ù„Ø§Ø³ØªÙØ³Ø§Ø±Ø§Øª Ø§Ù„Ø¥Ø¹Ù„Ø§Ù…ÙŠØ©: arabmedia@diplo.de
Ø¨ÙŠØ§Ù†Ø§Øª Ø§Ù„Ù†Ø´Ø±:https://t.co/yWjz3NwXrI",,NA,https://pbs.twimg.com/profile_images/1640423647813746710/NppMVy3o_normal.png,,14456,686,1543,63,1414,NA,,NA,FALSE,2024-04-15
918825172399947776,German Embassy Addis Ababa,GerEmbAddis,2017-10-13T13:06:06Z,"Official Twitter Account of the German Embassy Addis Ababa. RT no endorsement.   For updates on the work of our AU Team, please follow @Germany_AU",,Ethiopia,https://pbs.twimg.com/profile_images/1508402241513955331/AcGIYnPw_normal.jpg,,35040,721,4369,91,7374,https://t.co/US66TaCMFL,,NA,FALSE,2024-04-15
1646493820769431555,Germany â”‚ African Union,Germany_AU,2023-04-13T12:42:29Z,"Official Twitter account of the African Union Team at the German Embassy ğŸ‡©ğŸ‡ª in Addis Ababa
 @_AfricanUnion  Bilateral affairs: @GerEmbAddis RT no endorsement.",,Ethiopia,https://pbs.twimg.com/profile_images/1646900120535941121/KOTs2sAL_normal.jpg,,819,474,237,4,268,https://t.co/xQqKKMG4v9,,NA,FALSE,2024-04-15
1062645135559876608,Embajada de Alemania Malabo,Emb_Alemania_GE,2018-11-14T09:55:18Z,"Botschaft der Bundesrepublik Deutschland in Malabo, Ã„quatorialguinea",,NA,https://pbs.twimg.com/profile_images/1065912813938515970/yoPFJzJK_normal.jpg,,1486,243,638,21,247,https://t.co/mWhMjFkc98,,NA,FALSE,2024-04-15
2372327376,Embajada de Alemania,AlemaniaenArg,2014-03-04T19:59:46Z,Cuenta oficial de la Embajada de Alemania en Argentina.,,"Buenos Aires, Argentina",https://pbs.twimg.com/profile_images/1675339787132076032/oNmpKDXI_normal.jpg,,16277,386,5106,100,3795,https://t.co/cP33MPkqSw,,NA,FALSE,2024-04-15
1280407232757235713,German Embassy Yerevan,GERinArmenia,2020-07-07T07:44:56Z,Official X account of the German Embassy in Armenia,,Yerevan,https://pbs.twimg.com/profile_images/1280407688577499137/rHMYEnQY_normal.jpg,,1012,40,242,16,52,https://t.co/UndBlPIDbm,,NA,FALSE,2024-04-15
1042729663431434240,Ambassador Dr. Ralf Horlemann,GerAmb_Baku,2018-09-20T10:58:19Z,Twitter channel of German Ambassador in Azerbaijan,,Aserbaidschan,https://pbs.twimg.com/profile_images/1557347562646020096/2a2own5w_normal.jpg,,3232,215,705,23,292,https://t.co/BqfClt8Yij,,NA,FALSE,2024-04-15
2514625458,German Embassy AUS,GermanyInOz,2014-05-22T06:23:29Z,Official Twitter account of the German Embassy to Australia. https://t.co/XdGCsNtIMZâ€¦ RePost â‰  endorsement,,Canberra,https://pbs.twimg.com/profile_images/1523465690715344896/Rhw7XZl-_normal.jpg,,4502,368,8102,105,2911,https://t.co/Udqb605UEZ,,NA,FALSE,2024-04-15
1149197863626387458,German Embassy in Bahrain,GermanyBahrain,2019-07-11T06:04:56Z,Welcome to the official Account of the German Embassy ğŸ‡©ğŸ‡ª in the Kingdom of Bahrain ğŸ‡§ğŸ‡­| Retweets and links are not endorsements,,Bahrain,https://pbs.twimg.com/profile_images/1628354871962263552/A5vKMky8_normal.jpg,,1508,486,1773,23,738,https://t.co/rHZSlN2LSQ,,NA,FALSE,2024-04-15
1041627381998354436,Germany in Bangladesh,GermanEmbassyBD,2018-09-17T09:58:15Z,"This is the official Twitter account of the German Embassy in Dhaka
https://t.co/RhaMrDDdgk",,"Dhaka, Bangladesh",https://pbs.twimg.com/profile_images/1632247963689836548/AkGto94R_normal.jpg,,32456,98,795,82,150,https://t.co/IzgIOwJug4,,NA,FALSE,2024-04-15
1427953499908853766,Achim TrÃ¶ster,GerAmbBD,2021-08-18T11:33:59Z,"German Ambassador to Bangladesh

Follow the German Embassy in Dhaka @GermanEmbassyBD",,Dhaka,https://pbs.twimg.com/profile_images/1428227102084538375/6kJgd6t6_normal.jpg,,13552,159,466,32,3859,https://t.co/BLw8sFK5G5,,NA,FALSE,2024-04-15
2498206340,Botschafter Martin Kotthaus,DBoBruessel,2014-05-16T09:58:02Z,Deutscher Botschafter Belgien/Ambassadeur d'Allemagne Belgique/Duitse Ambassadeur BelgiÃ«. Impressum: http://t.co/21XaiPVtHJ,,BrÃ¼ssel,https://pbs.twimg.com/profile_images/1044576926017486848/s0dtspcT_normal.jpg,,3306,758,6967,56,5903,http://t.co/Sd7AS6JqYG,,NA,FALSE,2024-04-15
3063912809,Germany in the EU,germanyintheeu,2015-02-26T13:40:18Z,Germanyâ€™s Permanent Representation to the EU // Deutsche StÃ¤ndige Vertretung bei der EU ğŸ‡ªğŸ‡º-ğŸ‡©ğŸ‡ª Spokespersons: @JFricke_EU & @ABunia_EU,,Brussels,https://pbs.twimg.com/profile_images/1344987162702278658/xaLYIEu8_normal.jpg,,49112,1193,12022,598,11354,https://t.co/syKr77mUjW,,NA,FALSE,2024-04-15
4832524551,Germany at NATO,GermanyNATO,2016-01-21T11:49:50Z,Latest Tweets from the German Delegation to NATO. Follows + RTs â‰  endorsements. #WeAreNATO Publication Data: https://t.co/TFp3Ih03rQ,,"Brussels, Belgium",https://pbs.twimg.com/profile_images/856472601832632320/OUJJl_Dq_normal.jpg,,50030,1599,21242,769,10773,https://t.co/FKTy3MAHrM,,NA,FALSE,2024-04-15
3341837104,Embajador de Alemania en Bolivia,AlemaniaBOL,2015-06-22T17:52:13Z,"Soy el Embajador alemÃ¡n JosÃ© Schulz, y estoy en La Paz, Bolivia
https://t.co/wXsqXgxfyGâ€¦",,Bolivien,https://pbs.twimg.com/profile_images/1632747573608890372/Jm9mPKm1_normal.jpg,,2069,197,2304,38,837,https://t.co/lv8Lylu6xz,,NA,FALSE,2024-04-15
918802417222868992,Embaixadora Bettina Cadenbach,AmbBrasilia,2017-10-13T11:35:41Z,Embaixadora da Alemanha no Brasil,,"BrasÃ­lia, Brasilien",https://pbs.twimg.com/profile_images/1701552258863755264/seTQw18-_normal.jpg,,14461,42,696,55,645,https://t.co/JssOyUXhVN,,NA,FALSE,2024-04-15
753607579717230593,AlemanhanoBrasil,Alemanha_BR,2016-07-14T15:10:23Z,"Embaixada e Consulados da Alemanha no Brasil ğŸ‡§ğŸ‡·ğŸ‡©ğŸ‡ª
Embaixadora @AmbBrasilia
YouTube: https://t.co/n86s3sXPoDâ€¦",,NA,https://pbs.twimg.com/profile_images/1578370646442123265/AvR0UbwK_normal.jpg,,16842,1196,4152,93,5210,https://t.co/nm2EmwB9aE,,NA,FALSE,2024-04-15
1171786629100576769,Ambd'Allemagne,GERinBurundi,2019-09-11T14:05:59Z,Compte officiel de l'Ambassade de la RÃ©publique fÃ©dÃ©rale d'Allemagne au Burundi,,NA,https://pbs.twimg.com/profile_images/1176840750505574400/uk7nM4yn_normal.jpg,,8487,150,2623,30,2235,https://t.co/gxl8uMLHcQ,,NA,FALSE,2024-04-15
1268938429900951559,Embajada de Alemania en Chile,AlemaniaenCL,2020-06-05T16:15:22Z,Cuenta oficial de la Embajada de la RepÃºblica Federal de Alemania en Santiago de Chile. Pie de imprenta: https://t.co/PH5iuaEt74,,Santiago de Chile,https://pbs.twimg.com/profile_images/1270013828328292354/liXGeJCc_normal.jpg,,5420,250,1126,27,307,https://t.co/ZzbQwT40Hm,,NA,FALSE,2024-04-15
1544869989517299712,Ambassador Patricia Flor,GerAmbChina,2022-07-07T02:30:44Z,German Ambassador in Beijing. RT not necessarily endorsements. Views are my own.,,Beijing,https://pbs.twimg.com/profile_images/1547846830721232896/j9ALxzVd_normal.jpg,,17888,66,365,53,14,https://t.co/XqxUunF9NV,,NA,FALSE,2024-04-15
1097533175226646529,Alemania en Costa Rica,AlemaniaenCR,2019-02-18T16:27:54Z,Cuenta oficial de la Embajada de la RepÃºblica Federal de Alemania en San JosÃ©. Pie de imprenta y netiqueta: https://t.co/u3qyxIBcUK,,Costa Rica,https://pbs.twimg.com/profile_images/1097533399164690432/9ncD3uue_normal.jpg,,2213,732,2221,21,5632,https://t.co/3g5SpKMz5f,,NA,FALSE,2024-04-15
1251091991116603394,Den Tyske Ambassade,TyskAmbDk,2020-04-17T10:16:40Z,"Tweets fra Den Tyske Ambassade i Danmark om ğŸ‡©ğŸ‡ªğŸ‡©ğŸ‡°ğŸ‡ªğŸ‡º og meget mere.
AmbassadÃ¸rens profil: @GermAmbDNK
Hier twittert die Deutsche Botschaft in DÃ¤nemark.",,"Copenhagen, Denmark",https://pbs.twimg.com/profile_images/1445311373316182022/VfsqCktc_normal.jpg,,1408,556,1651,20,2290,https://t.co/7C0uwt0jNa,,NA,FALSE,2024-04-15
1428688202706178051,AmbassadÃ¸r Pascal Hector,GermAmbDNK,2021-08-20T12:01:46Z,"Tweets fra den tyske ambassadÃ¸r i Danmark om ğŸ‡©ğŸ‡ªğŸ‡©ğŸ‡°ğŸ‡ªğŸ‡º og meget mere. 
FÃ¸lg ogsÃ¥ ambassaden: @TyskAmbDk
Impressum: https://t.co/NHVV9hNZ9S",,"Copenhagen, Denmark",https://pbs.twimg.com/profile_images/1428688937632079878/YGzWYbW6_normal.jpg,,2812,633,848,18,1124,https://t.co/8PRqMkKS3o,,NA,FALSE,2024-04-15
1036613339319812098,Heike Fuller,GerAmbDjibouti,2018-09-03T13:54:14Z,ğŸ‡©ğŸ‡ª German Ambassador to Djibouti ğŸ‡©ğŸ‡¯and Special Envoy to IGAD,,Djibouti,https://pbs.twimg.com/profile_images/1589204911211925506/YDoVgDo6_normal.jpg,,2931,77,786,28,8362,https://t.co/rR0OvqSBdx,,NA,FALSE,2024-04-15
1025042515156774912,AlemaniaenRD,AlemaniaenRD,2018-08-02T15:35:54Z,"Cuenta oficial de la Embajada Alemana en Santo Domingo
Pie de imprenta
https://t.co/yzHneUnelp",,"Santo Domingo, Dominikanische ",https://pbs.twimg.com/profile_images/1578117119589376001/xxndBH7X_normal.jpg,,255,277,318,1,512,https://t.co/i4lBhomgaM,,NA,FALSE,2024-04-15
1561776682092077057,Maike Friedrichsen,GermanAmbDR,2022-08-22T18:06:10Z,Embajadora de Alemania ğŸ‡©ğŸ‡ª en la RepÃºblica Dominicana ğŸ‡©ğŸ‡´,,Santo Domingo,https://pbs.twimg.com/profile_images/1579988540317900801/4vPyOAAE_normal.jpg,,762,505,769,2,2741,https://t.co/GMkhPym516,,NA,FALSE,2024-04-15
786292855417413632,Embajada Alemana ECU,AlemaniaQuito,2016-10-12T19:50:00Z,Perfil oficial de la Embajada de Alemania en Ecuador // Deutsche Botschaft Quito Impressum: https://t.co/QT3AtRyT4dâ€¦,,"Quito, Ecuador",https://pbs.twimg.com/profile_images/941033659854934016/Z-KrCiuj_normal.jpg,,8120,1137,5875,41,2997,https://t.co/vIO1l3xnZn,,NA,FALSE,2024-04-15
1572415025306009604,German Embassy Suva,GermanyPacific,2022-09-21T02:39:27Z,Official Twitter Account of the Embassy of the Federal Republic of Germany in Suva,,Suva,https://pbs.twimg.com/profile_images/1698862812465156096/NN7g7cab_normal.jpg,,800,230,1616,5,788,https://t.co/DWY1WGXdSt,,NA,FALSE,2024-04-15
3695026876,Saksan suurlÃ¤hetystÃ¶,SaksaDiplo,2015-09-18T09:08:12Z,Tervetuloa #Saksaâ€˜n Helsingin-suurlÃ¤hetystÃ¶n kanavalle. ğŸ‡©ğŸ‡ªğŸ¤ğŸ‡«ğŸ‡® https://t.co/6Kv3rqV2Hy,,"Helsinki, Finnland",https://pbs.twimg.com/profile_images/644800978584104961/GIWfA1Qs_normal.jpg,,2224,1064,10160,33,3226,https://t.co/q3C91hhtc3,,NA,FALSE,2024-04-15
472024866,Ambassade d'Allemagne en France,AllemagneDiplo,2012-01-23T14:30:08Z,Ambassade ğŸ‡©ğŸ‡ª en ğŸ‡«ğŸ‡· | Ambassadeur Stephan Steinlein ğŸ‘‰ @AmbDEenFR | #diplomatie #France #Allemagne | Mentions lÃ©gales/RGPD https://t.co/HkQKxKTDtL,,Paris,https://pbs.twimg.com/profile_images/1712405574095106048/r1RWOwNB_normal.jpg,,14747,308,9098,261,3823,https://t.co/kfIAf2tWJ1,,NA,FALSE,2024-04-15
1315581023275679744,Ambassadeur Stephan Steinlein,AmbDEenFR,2020-10-12T09:13:15Z,"Ambassadeur d'Allemagne ğŸ‡©ğŸ‡ª en France et auprÃ¨s de Monaco | 
Mentions lÃ©gales/protection des donnÃ©es https://t.co/DpjEI9OCHU | @AllemagneDiplo",,Paris,https://pbs.twimg.com/profile_images/1697737543553318912/O1XdgH8J_normal.jpg,,9039,633,1011,43,1035,https://t.co/5LiFMa19Vl,,NA,FALSE,2024-04-15
928243895833628672,Martin SchÃ¤fer,MinPlenSchaefer,2017-11-08T12:52:45Z,DHOM of the German Embassy in France,,"Paris, France",https://pbs.twimg.com/profile_images/1117758640000204800/tbtX_NW1_normal.png,,8129,311,2478,24,2528,https://t.co/eRkgaFUmDA,,NA,FALSE,2024-04-15
1464179179763777542,Stefanie Zeidler,AllemagneBdx,2021-11-26T10:30:02Z,Consule gÃ©nÃ©rale d'Allemagne Ã  Bordeaux,,NA,https://pbs.twimg.com/profile_images/1601099578102759424/QbgReWAQ_normal.jpg,,921,537,585,6,1046,https://t.co/icB1LxcEKh,,NA,FALSE,2024-04-15
1265193170226348034,"Heike Thiele, Ambassador of Germany to the CoE",GermanyCoE,2020-05-26T08:09:09Z,"Permanent Representative of Germany to the Council of Europe (CoE).
#Democracy #HumanRights #RuleOfLaw",,"Strasbourg, France",https://pbs.twimg.com/profile_images/1701242829740126208/yVinNTUL_normal.jpg,,3253,285,1744,61,2655,https://t.co/ZqO6ZVqjEk,,NA,FALSE,2024-04-15
1159406622789328896,Ambassador Kerstin PÃ¼rschel,GermanAmbUNESCO,2019-08-08T10:10:54Z,"German Ambassador to UNESCO | all things UN, Education, Science, Culture, Communication, Information",,Paris,https://pbs.twimg.com/profile_images/1696497986279284736/npKYoPAx_normal.jpg,,845,305,179,12,265,https://t.co/KIGXQXoN1t,,NA,FALSE,2024-04-15
971774037100843009,Ã‰vÃ©nements culturels allemands en France,KulturEnFrance,2018-03-08T15:45:59Z,"Manifestations culturelles liÃ©es Ã  l'#Allemagne en ğŸ‡«ğŸ‡·, recensÃ©es par l'ambassade @AllemagneDiplo - Mentions lÃ©gales/ protection donnÃ©es: https://t.co/PFSMiJxRLH",,"Paris, France",https://pbs.twimg.com/profile_images/971776004648783874/CWJ_deB__normal.jpg,,1985,330,4801,27,2620,https://t.co/3sdCcXA3ah,,NA,FALSE,2024-04-15
1585970418388815880,Allemagne au Gabon,AllemagneauGAB,2022-10-28T12:23:55Z,"Compte Twitter Officiel de l'Ambassade de l'Allemagne au Gabon et Ã  SÃ£o TomÃ© et Principe
Impressum: https://t.co/4cdPrvBk2h",,"Estuaire, Gabon",https://pbs.twimg.com/profile_images/1768233229473951746/1UNqywj0_normal.jpg,,126,127,948,0,807,https://t.co/hPZWEAYMLR,,NA,FALSE,2024-04-15
1243572969667997697,Germany in The Gambia,germanyingambia,2020-03-27T16:18:03Z,"Official twitter account of the German Embassy Office in The #Gambia news, info, official statements & events.
https://t.co/6PKamTF0JK",,Gambia,https://pbs.twimg.com/profile_images/1243573344533913611/BuLnVGWl_normal.jpg,,2516,303,491,14,395,https://t.co/sUjWwjJviq,,NA,FALSE,2024-04-15
3123619485,Peter Fischer,Diplo_Peter,2015-03-28T12:20:23Z,German ambassador to Georgia. Former ambassador to UAE & Perm Rep to IRENA. Other postings in ğŸ‡ºğŸ‡²ğŸ‡®ğŸ‡±ğŸ‡¬ğŸ‡§ğŸ‡¨ğŸ‡³ğŸ‡¸ğŸ‡¬ Own views.,,Georgia,https://pbs.twimg.com/profile_images/1595728284679012352/GvE7K-7q_normal.jpg,,4414,602,2644,40,3217,https://t.co/XFlx6fQXdP,,NA,FALSE,2024-04-15
768774070313902080,Daniel Krull,GermanAmbGhana,2016-08-25T11:36:36Z,German Ambassador to Ghana,,"Accra, Ghana",https://pbs.twimg.com/profile_images/1559879341554761729/PihQ605j_normal.jpg,,16870,352,2803,48,1320,https://t.co/s2rocG4ixN,,NA,FALSE,2024-04-15
1899486349,Germany in Greece,GermanyinGreece,2013-09-24T06:37:58Z,Welcome to the ğ• account of the Embassy of the Federal Republic of Germany in Greece Â· Follow also the new @GerAmbGreece Andreas Kindl Â· Reposts â‰  endorsements,,"Athens, Greece",https://pbs.twimg.com/profile_images/1068529120424968193/eWlQN8jX_normal.jpg,,11806,1665,45953,267,8754,https://t.co/TUbg3W0Sjb,,NA,FALSE,2024-04-15
134793154,German Embassy London,GermanEmbassy,2010-04-19T13:17:22Z,"Posts by press team
ğŸ‡©ğŸ‡ª Ambassador Berger: @GermanAmbUK 
ğŸ™ï¸ Podcast: https://t.co/1sDC9d2Hwe
ğŸ“… Events: @germaneventsuk
ğŸ“§ Contact: https://t.co/BALFgd47ZL",,London,https://pbs.twimg.com/profile_images/817000999604932608/VxExtVEr_normal.jpg,,27377,1264,11769,291,3574,https://t.co/7Bgk5okPNO,,NA,FALSE,2024-04-15
4783875515,Miguel Berger,GermanAmbUK,2016-01-12T11:55:24Z,German Ambassador to the United Kingdom,,London,https://pbs.twimg.com/profile_images/1701713826767327232/hYjsshSf_normal.jpg,,28587,420,2426,176,1616,https://t.co/4CPUrJ92fP,,NA,FALSE,2024-04-15
890883001571258369,German Events in the UK,germaneventsuk,2017-07-28T10:33:54Z,Follow us for upcoming Germany-related events taking place in the UK.  ğŸ¼ğŸ“½ï¸ğŸ­ğŸ–¼ï¸. Brought to you by @GermanEmbassy,,NA,https://pbs.twimg.com/profile_images/1219977894988013568/yFOsiIsG_normal.jpg,,2332,127,1064,26,171,https://t.co/YcDUEr2Sar,,NA,FALSE,2024-04-15
1694708366357278721,Christiane Hullmann,GermanCGEdin,2023-08-24T13:49:41Z,German Consul General in Edinburgh.,,Edinburgh,https://pbs.twimg.com/profile_images/1694709095415394304/j7mNPFGD_normal.jpg,,314,288,84,0,208,https://t.co/8Kj7dzsPs1,,NA,FALSE,2024-04-15
959456116404117506,Embajada Alemana Guatemala,alemaniaenguate,2018-02-02T15:58:58Z,"Cuenta oficial de la Embajada de la RepÃºblica Federal de Alemania en Guatemala.

&emsp;&emsp;&emsp;&emsp;&emsp;https://t.co/I7D1lp4Qt7",,Guatemala,https://pbs.twimg.com/profile_images/959461220486086658/dWulLe_b_normal.jpg,,2652,183,1182,26,178,https://t.co/hoUdBKHXCl,,NA,FALSE,2024-04-15
788502734563577856,Amb. Allemagne Haiti,AmbAlleHt,2016-10-18T22:11:16Z,Le compte de l'Ambassade(ur) d'Allemagne en Haiti - Impressum: https://t.co/Cci1BCjvdi,,Port-au-Prince,https://pbs.twimg.com/profile_images/799622314572779521/T-nSSkLB_normal.jpg,,10703,363,1985,57,879,https://t.co/fQOG9hambU,,NA,FALSE,2024-04-15
1357758828796862464,Embajada de Alemania en Honduras,AlemaniaenHN,2021-02-05T18:32:16Z,"Cuenta oficial de la Embajada de Alemania en Tegucigalpa.     
Pie de imprenta: https://t.co/A5QoJcEpxX",,Tegucigalpa,https://pbs.twimg.com/profile_images/1745168948591550464/aCH0maK4_normal.jpg,,3146,647,1265,18,1872,https://t.co/xoiVTmUlBc,,NA,FALSE,2024-04-15
859471621,German Embassy India,GermanyinIndia,2012-10-03T10:13:00Z,Official twitter account German Embassy to India and Bhutan. Ambassador @AmbAckermann. Retweets are not endorsements. No Visa queries.,,"New Delhi, India",https://pbs.twimg.com/profile_images/1765364596615811072/W4JOm46p_normal.jpg,,44607,979,16032,231,6360,https://t.co/nJDgc55Vb8,,NA,FALSE,2024-04-15
1546739942784905216,Dr Philipp Ackermann,AmbAckermann,2022-07-12T06:15:29Z,German Ambassador to India and Bhutan.,,"6/50G, Shantipath,Chanakyapuri",https://pbs.twimg.com/profile_images/1552880045735026692/NKGk1Btd_normal.jpg,,14062,764,586,25,338,https://t.co/Aeq5oNzgz3,,NA,FALSE,2024-04-15
1291621842881400835,Achim Burkart,GermanCG_BLR,2020-08-07T06:27:16Z,"German Consul in Bengaluru (for Karnataka/Kerala) lawyer, HR specialist, loves to cook, married, father of three, posted in Cairo, Hanoi, Paris, Lusaka ğŸ‡©ğŸ‡ªğŸ‡®ğŸ‡³",,"Bengalore, Republik Indien",https://pbs.twimg.com/profile_images/1291622070661468164/7DJg9jdJ_normal.jpg,,3306,237,865,15,382,https://t.co/mJPYg4K9Nt,,NA,FALSE,2024-04-15
1056776126486331392,German Consul Chennai,GermanyChennai,2018-10-29T05:13:57Z,Welcome to the official Twitter account of the German Consulate General in Chennai.,,"9 Boat Club Road, R.A. Puram, ",https://pbs.twimg.com/profile_images/1056785377862668289/UsDLves__normal.jpg,,5452,998,6107,30,3858,https://t.co/XNh1rzjsAZ,,NA,FALSE,2024-04-15
1409453202,German Consulate Kolkata ğŸ‡ªğŸ‡ºğŸ‡©ğŸ‡ªğŸ‡ºğŸ‡¦,Germany_Kolkata,2013-05-07T05:31:51Z,Official twitter account of the #German Consulate General #Kolkata.,,"Kalkutta, Republik Indien",https://pbs.twimg.com/profile_images/1316668659952046080/nheeiEPH_normal.jpg,,4556,273,2231,53,1746,https://t.co/KHbox2yTdX,,NA,FALSE,2024-04-15
821574196501348357,German Consulate General Mumbai,GermanyinMumbai,2017-01-18T04:25:27Z,Welcome to the official Twitter account of the German Consulate General in Mumbai. Impressum: https://t.co/K9iRNwzDyB,,"Mumbai, India",https://pbs.twimg.com/profile_images/821586364928028672/gUp86V5I_normal.jpg,,8048,169,3248,0,3188,https://t.co/c7aabtblPI,,NA,FALSE,2024-04-15
1560674594964402176,GermanCGBombay,achimfabig,2022-08-19T17:06:52Z,German Consul General in Mumbai â€œIt is quite possible that India is the real world and that the white man lives in a madhouse of abstractionsâ€ - C.G. Jung,,"Mumbai, India",https://pbs.twimg.com/profile_images/1720438052508876800/ZpuxooUp_normal.jpg,,547,222,370,4,323,https://t.co/8C6S5tHXdd,,NA,FALSE,2024-04-15
2289275042,Kedutaan Jerman,KedubesJerman,2014-01-13T07:40:24Z,Akun twitter resmi Kedutaan Besar Republik Federal Jerman di Indonesia. Follow akun Dubes Jerman @GermanAmbJaka  Impressum: https://t.co/TksjdBGBFe,,Jakarta,https://pbs.twimg.com/profile_images/1618973490421563396/jchIEtBn_normal.jpg,,15337,161,2963,66,1226,https://t.co/04FveKfDaA,,NA,FALSE,2024-04-15
1087643334984650753,Ina Lepel,GermanAmbJaka,2019-01-22T09:29:13Z,"German Ambassador to Indonesia, ASEAN & Timor-Leste. Follow us also here @KedubesJerman Imprint: https://t.co/qAXNnFVua5",,Jakarta,https://pbs.twimg.com/profile_images/1705039462051581952/dj-Xk7Jv_normal.jpg,,2615,141,540,23,134,https://t.co/qBQHPexBKN,,NA,FALSE,2024-04-15
1128263472419094531,German Embassy in Baghdad,GermanyinIraq,2019-05-14T11:39:08Z,Official twitter account of the German Embassy in Baghdad. ğŸ‡©ğŸ‡ª ğŸ‡®ğŸ‡¶ https://t.co/ZohKWdXjpj,,"Baghdad, Iraq",https://pbs.twimg.com/profile_images/1128264726692151296/-kJjOv7X_normal.jpg,,8365,231,1870,51,114,https://t.co/7wTrknExTB,,NA,FALSE,2024-04-15
785719220965216257,German Consulate Erbil,GermanyInKRI,2016-10-11T05:50:35Z,Consulate General of Germany in Erbil Ú©ÙˆÙ†Ø³ÙˆÚµÚ¯Û•Ø±ÛŒÛŒ Ú¯Ø´ØªÛŒÛŒ Ø¦Û•ÚµÙ…Ø§Ù†ÛŒØ§ Ù„Û• Ù‡Û•ÙˆÙ„ÛŒØ± Imprint: https://t.co/KbKz4Mo0RY,,Kurdistan Region of Iraq,https://pbs.twimg.com/profile_images/1361979965756104704/VUDNmMiM_normal.jpg,,20761,273,3358,86,897,https://t.co/wJ4kfraphP,,NA,FALSE,2024-04-15
1204104039199174661,GermanyinIran,GermanyinIran,2019-12-09T18:22:49Z,Follow the tweets of the German EmbassyğŸ‡©ğŸ‡ªğŸ‡ªğŸ‡º & Amb. Hans-Udo Muzel Ø³ÙÛŒØ± Ù‡Ø§Ù†Ø³  & Lilian Ù„ÛŒÙ„ÛŒØ§Ù† Muzel-Kiviet in Tehran,,Teheran,https://pbs.twimg.com/profile_images/1463593628820029442/fxkHRxEj_normal.jpg,,7421,308,1711,56,1199,https://t.co/B9a94kX3Ly,,NA,FALSE,2024-04-15
1508204423650103299,German Embassy Dublin,GERMANYinIRL,2022-03-27T22:10:58Z,FÃ¡ilte | Willkommen | Welcome to the Twitter account of the German Embassy Dublin and Ambassador Cord Meier-Klodt. Netiquette Rules: https://t.co/krDCZQVrA3,,"Booterstown, Dublin",https://pbs.twimg.com/profile_images/1508208430993096713/-nll0iGt_normal.png,,1190,329,447,8,262,https://t.co/4I8MB5Cm33,,NA,FALSE,2024-04-15
1042027709357010944,Steffen Seibert,GerAmbTLV,2018-09-18T12:29:00Z,Ambassador of Germany to Israel. 2010-21 Spokesman of Chancellor Merkel and the German Federal Government. A TV journalist before that.,,Tel Aviv,https://pbs.twimg.com/profile_images/1760973459184549888/WAQ-UUf1_normal.jpg,,28511,531,2248,164,254,https://t.co/kItaDIn3dB,,NA,FALSE,2024-04-15
2711832192,Germania in Italia,GermaniaItalia,2014-08-06T12:03:12Z,Ambasciata di Germania a Roma. â„¹ï¸https://t.co/EhK7R0v4nW Colophon e condizioni di utilizzo: https://t.co/EumvKunBZ5,,Roma/Rom,https://pbs.twimg.com/profile_images/1552652304473419780/q_X14AKz_normal.jpg,,6906,835,5637,151,3347,https://t.co/of9g9AfTQZ,,NA,FALSE,2024-04-15
3061524099,Hans-Dieter Lucas,Ambtedesco,2015-02-25T10:21:29Z,Ambasciatore Tedesco in Italia. Twitter dellâ€™Ambasciata ğŸ‘‰ğŸ»@GermaniaItalia ğŸ‡®ğŸ‡¹ğŸ‡©ğŸ‡ªğŸ‡ªğŸ‡º#leuropasiamonoi,,Roma,https://pbs.twimg.com/profile_images/1694007807735926784/btDOSh3q_normal.jpg,,4185,255,936,59,333,https://t.co/ju9IBy58X7,,NA,FALSE,2024-04-15
3647587512,Ambassador Joachim Bleicker,germany_un_rome,2015-09-22T10:26:00Z,"Tweets by the Perm. Representative of the Federal Republic of Germany to FAO, WFP and IFAD - the Rome-based UN agencies; views are my own, RT is no endorsement",,"Rom, Latium",https://pbs.twimg.com/profile_images/1578006441943879681/TWPlKXfq_normal.jpg,,2832,562,2491,39,5363,https://t.co/ERBqto7HvX,,NA,FALSE,2024-04-15
56663484,ãƒ‰ã‚¤ãƒ„å¤§ä½¿é¤¨ğŸ‡©ğŸ‡ª,GermanyinJapan,2009-07-14T10:46:45Z,"ãƒ‰ã‚¤ãƒ„å¤§ä½¿é¤¨ã®å…¬å¼ã‚¢ã‚«ã‚¦ãƒ³ãƒˆã¸ã‚ˆã†ã“ãã€‚
Instagramã‚‚ã‚„ã£ã¦ã¾ã™ã€‚
https://t.co/uX1rvMj7xU",,æ±äº¬éƒ½æ¸¯åŒºå—éº»å¸ƒ,https://pbs.twimg.com/profile_images/1497080208007917569/AmkBJAkc_normal.jpg,,152036,272,11709,2274,5344,https://t.co/f2TepMP4xn,,NA,FALSE,2024-04-15
1241902251452428288,ãƒ‰ã‚¤ãƒ„ç·é ˜äº‹é¤¨,GermanyinWestjp,2020-03-23T01:39:29Z,"å¤§é˜ªã«ã‚ã‚‹ãƒ‰ã‚¤ãƒ„ç·é ˜äº‹é¤¨/Deutsches Generalkonsulat Osaka-Kobeå…¬å¼ã‚¢ã‚«ã‚¦ãƒ³ãƒˆã§ã™ã€‚
ãƒ‰ã‚¤ãƒ„ã€æ—¥ç‹¬äº¤æµã€ãƒ‰ã‚¤ãƒ„ç·é ˜äº‹é¤¨ã®æ´»å‹•ã«ã¤ã„ã¦ã¤ã¶ã‚„ãã¾ã™ã€‚
å€‹äººæƒ…å ±ã®å–ã‚Šæ‰±ã„ã«ã¤ã„ã¦:https://t.co/jTLHH7H27i
ãŠå•ã„åˆã‚ã›ã¯ã“ã¡ã‚‰ã‹ã‚‰:https://t.co/C7An1KPZDl",,"Osaka, Japan",https://pbs.twimg.com/profile_images/1752933683290644480/BGcpaTsw_normal.jpg,,9780,81,3382,120,9347,https://t.co/iHsFGc9Ajz,,NA,FALSE,2024-04-15
4117939762,German Embassy Amman,GermanyAmman,2015-11-05T07:49:04Z,This is the Twitter Account of the German Embassy in Amman. Impressum: https://t.co/Sx2r7dbSfe,,Amman,https://pbs.twimg.com/profile_images/668835339977547776/9Ic6jCE3_normal.jpg,,5288,1219,3194,51,841,https://t.co/USSEBLgSNZ,,NA,FALSE,2024-04-15
3838745895,German Embassy,embphnompenh,2015-10-02T01:59:47Z,Welcome to the official Twitter account of the German Embassy in Cambodia! Impressum: https://t.co/MPTeQfVgGM,,Kambodscha,https://pbs.twimg.com/profile_images/897652030872760322/uXalyD7D_normal.jpg,,4318,83,795,43,92,NA,,NA,FALSE,2024-04-15
1356565028221116416,GermanEmbassyYaounde,GermanyinCMR,2021-02-02T11:28:17Z,Compte Officiel de l'Ambassade d'Allemagne au Cameroun/Official Account of the German Embassy in Cameroon. Impressum: https://t.co/dQkFFuiRxc,,NA,https://pbs.twimg.com/profile_images/1356565188074500096/LQQOPVAq_normal.jpg,,2165,45,596,22,4,https://t.co/xKJTr9TTdW,,NA,FALSE,2024-04-15
552163959,German Embassy Ottawa,GermanyInCanada,2012-04-12T18:49:11Z,The Communications Team of the German Embassy presents the best of ğŸ‡©ğŸ‡ª in ğŸ‡¨ğŸ‡¦. Legal Notice: https://t.co/rkJ6AOiXcY,,"Ottawa, Canada",https://pbs.twimg.com/profile_images/1523663258506469377/UlT1Rdlr_normal.jpg,,7184,1170,8426,146,21301,https://t.co/LlJEN6650v,,NA,FALSE,2024-04-15
2356117131,Sabine Sparwasser,s_sparwasser,2014-02-21T08:29:29Z,Personal account of the German Ambassador to Canada // ğŸ‡¨ğŸ‡¦ğŸ‡©ğŸ‡ª // Compte personnel de l'Ambassadrice dâ€˜Allemagne au Canada // Dog Walker! @GermanyInCanada,,"Ottawa, Ontario",https://pbs.twimg.com/profile_images/1326530272700096517/tpbcOS5I_normal.jpg,,1365,271,562,6,3571,https://t.co/rzZrNOKIDw,,NA,FALSE,2024-04-15
906202168549658624,German Consulate TO,GermanyinTO,2017-09-08T17:06:48Z,Welcome to the official Twitter account of the German Consulate General in Toronto. Legal notice: https://t.co/yntiY28fDpâ€¦,,"Toronto, Ontario",https://pbs.twimg.com/profile_images/1524031397031292928/0VWe2Za1_normal.jpg,,1401,1277,2864,20,5975,https://t.co/9E6GJOIVqj,,NA,FALSE,2024-04-15
999281563618676737,Consulat gÃ©nÃ©ral d'Allemagne Ã  MontrÃ©al,AllemagneMTL,2018-05-23T13:31:05Z,Compte officiel du consulat gÃ©nÃ©ral d'Allemagne Ã  MontrÃ©al. Mentions lÃ©gales : https://t.co/p6fZCVqYa6,,"MontrÃ©al, QuÃ©bec",https://pbs.twimg.com/profile_images/999633208818913280/-IqUvk20_normal.jpg,,1431,246,967,16,2166,https://t.co/mRLW7mtKGa,,NA,FALSE,2024-04-15
3226123185,So German ğŸ‡©ğŸ‡ª ğŸ‡¨ğŸ‡¦,SoGermanCanada,2015-05-01T12:12:38Z,"Events, stories, organizations - discover the diverse German-Canadian relationship. 
https://t.co/nyUUURun8Nâ€¦",,Canada,https://pbs.twimg.com/profile_images/594203551762485248/sNsUZgD0_normal.jpg,,1355,1212,4138,39,16181,https://t.co/fe75xjcezA,,NA,FALSE,2024-04-15
1277843005442048002,Ambassador Monika Iwersen,GerAmbKAZ,2020-06-30T05:55:26Z,Welcome to the official Twitter account of the German Ambassador to the Republic of Kazakhstan Monika Iwersen,,Astana,https://pbs.twimg.com/profile_images/1435885435142672386/fTOfaiKz_normal.jpg,,1198,327,286,22,53,https://t.co/sy7Wn1p6Ih,,NA,FALSE,2024-04-15
2769416084,German Embassy Doha,GermanyinQatar,2014-08-26T07:58:41Z,Hallo & willkommen! This is the official account of the German Embassy Doha ğŸ‡©ğŸ‡ªğŸ‡ªğŸ‡º in Qatar ğŸ‡¶ğŸ‡¦ Impressum: https://t.co/tDNw0NUscmâ€¦,,"Doha, Qatar",https://pbs.twimg.com/profile_images/504520311769808896/KCAdNxHB_normal.jpeg,,4712,172,3328,56,1316,https://t.co/7sDaRN2Uw8,,NA,FALSE,2024-04-15
2167580387,GermanEmbassyNairobi,GermanyinKenya,2013-11-04T07:07:06Z,Posts from the German Embassy Nairobi. Official account. Impressum: https://t.co/5v51LRQlgn Our Ambassador: Sebastian Groth @Diplo_Jazz,,"Nairobi, Kenya",https://pbs.twimg.com/profile_images/1704019168960385024/_Kio25Ov_normal.jpg,,36805,391,6209,143,1861,https://t.co/qx4Ip6OxEj,,NA,FALSE,2024-04-15
1499060949113786371,Amb Sebastian Groth ğŸ‡©ğŸ‡ªğŸ‡ªğŸ‡º,Diplo_Jazz,2022-03-02T16:36:18Z,"ğŸ‡©ğŸ‡ª Ambassador to Kenya, Somalia, Seychelles. PermRep to UNEP, UN Habitat. â€Diplomacy is like jazz: endless variations on a themeâ€œ (R. Holbrooke).",,"Nairobi, Kenya",https://pbs.twimg.com/profile_images/1767217268247642112/HdXq0vGZ_normal.jpg,,10243,573,684,17,1438,NA,,NA,FALSE,2024-04-15
4580765303,Alemania en Colombia,EmbAlemaniaCOL,2015-12-23T17:46:18Z,Perfil oficial de la Embajada de Alemania en Colombia / Embajadora Martina Klumpp bajo @AlEmbajadora / RT â‰  endorsement / https://t.co/0qRP4dsaCX,,"BogotÃ¡, Colombia",https://pbs.twimg.com/profile_images/679722062412443648/Iw9NS51U_normal.jpg,,33605,586,5335,122,1568,https://t.co/0qRP4dsaCX,,NA,FALSE,2024-04-15
1027254340636106752,Martina Klumpp,AlEmbajadora,2018-08-08T18:04:55Z,Embajadora de Alemania en Colombia,,"BogotÃ¡, D.C., Colombia",https://pbs.twimg.com/profile_images/1697683146404237312/6TSrUv6W_normal.jpg,,93516,1120,2358,160,1976,https://t.co/WAs4fCiVtC,,NA,FALSE,2024-04-15
1444959078174838787,Allemagne RDC,Allemagne_RDC,2021-10-04T09:35:09Z,"Bienvenue sur le compte Twitter officiel 
de l'Ambassade d'Allemagne en RDC

Facebook: https://t.co/NCQBhFZReQ
Homepage: http://kinshasa.diplo",,Kinshasa,https://pbs.twimg.com/profile_images/1659122054703063046/M-Kd-ZmD_normal.jpg,,14862,465,877,31,300,NA,,NA,FALSE,2024-04-15
790378829676032000,Ambassador Georg Schmidt,GermanyinKorea,2016-10-24T02:26:12Z,German Ambassador to the Republic of Korea *Imprint: https://t.co/2GG1ebUXUD,,NA,https://pbs.twimg.com/profile_images/1714177348189507584/ZBItf-ZN_normal.jpg,,2843,439,2953,40,1930,https://t.co/QI6t5CY4Z2,,NA,FALSE,2024-04-15
1046818020155412480,Ambassador JÃ¶rn Rohde,GermanAmbKOS,2018-10-01T17:43:59Z,German Ambassador to #Kosovo,,Pristina,https://pbs.twimg.com/profile_images/1288742315163627520/tW-djDDT_normal.jpg,,17253,128,2135,64,877,https://t.co/KopkW2JXgS,,NA,FALSE,2024-04-15
3131027045,NjemaÄko veleposlanstvo,njemacko_vlp,2015-04-01T12:47:21Z,Veleposlanstvo Savezne Republike NjemaÄke u Republici Hrvatskoj; impressum: https://t.co/Pq8Ptn4PoG,,Zagreb,https://pbs.twimg.com/profile_images/583250076836851713/w9AKXIAw_normal.jpg,,1962,580,4258,37,1405,https://t.co/VuIe2i0Zqu,,NA,FALSE,2024-04-15
1328392662081294348,Christian Heldt,GermanAmbLatvia,2020-11-16T17:41:18Z,German Ambassador to Latvia,,"Riga, Latvia",https://pbs.twimg.com/profile_images/1444999704501235718/60-Suwei_normal.jpg,,1354,158,2809,23,3631,https://t.co/D8m6Qe78u3,,NA,FALSE,2024-04-15
809392101565853697,Germany in Lebanon ğŸ‡©ğŸ‡ªğŸ‡±ğŸ‡§,GermanEmbBeirut,2016-12-15T13:38:09Z,Embassy of Germany in Lebanon ğŸ‡©ğŸ‡ªğŸ‡±ğŸ‡§                                                            Ø§Ù„Ø³ÙØ§Ø±Ø© Ø§Ù„Ø£Ù„Ù…Ø§Ù†ÙŠØ© ÙÙŠ Ù„Ø¨Ù†Ø§Ù†  RT â‰  endorsements,,Beirut,https://pbs.twimg.com/profile_images/1708841139367796736/VZEzV7wX_normal.jpg,,7775,725,1732,60,4417,https://t.co/Kp29jQdFnT,,NA,FALSE,2024-04-15
1598268378296336384,German Embassy in Monrovia,GerEmbLib,2022-12-01T10:53:02Z,,,NA,https://pbs.twimg.com/profile_images/1599489957910953985/oSvpm_Hd_normal.jpg,,129,37,351,1,12,NA,,NA,FALSE,2024-04-15
2761065733,Michael Ohnmacht,GermanAmbLBY,2014-08-24T01:15:50Z,German Ambassador to Libya,,NA,https://pbs.twimg.com/profile_images/1435298351067635715/BraMZax7_normal.jpg,,39064,256,2362,204,1030,https://t.co/J6kHjTdry4,,NA,FALSE,2024-04-15
1686702839765020672,Cornelius Zimmermann DE Ambassador to Lithuania,GerAmbLT,2023-08-02T11:39:17Z,#German #Lithuania #security #stronger2gether #WeareNATO #MesNATO  RT not endorsement.,,"Vilnius, Lithuania",https://pbs.twimg.com/profile_images/1702559570759958528/YJFeP0-U_normal.jpg,,207,150,163,3,191,https://t.co/8tLkLizJaP,,NA,FALSE,2024-04-15
73101782,Heinrich Kreft,Heinrich_Kreft,2009-09-10T12:07:53Z,German Ambassador,,Luxemburg,https://pbs.twimg.com/profile_images/1262769836205182976/XIFvPzCc_normal.jpg,,234,168,2274,9,569,NA,,NA,FALSE,2024-04-15
1559860345631653888,Germany in Morocco,GER_in_Morocco,2022-08-17T11:12:17Z,ğŸ‡©ğŸ‡ªğŸ‡²ğŸ‡¦ Official Tweets from the German Embassy in Morocco - Impressum: https://t.co/FdKrwtmaSJ Our Ambassador: HE Robert DÃ¶lger,,"Rabat-SalÃ©-Zemmour-Zaer, Marok",https://pbs.twimg.com/profile_images/1560195147761172481/9ZNRtzi2_normal.jpg,,2161,205,616,19,849,https://t.co/u2KkaRWRYu,,NA,FALSE,2024-04-15
2806012129,Embajada Alemana en MÃ©xico,AlemaniaMexi,2014-09-12T18:18:26Z,Canal oficial de la Embajada de Alemania en MÃ©xico. El Embajador Wolfgang Dold firma WD â„¹ï¸Impressum: https://t.co/Br6wNWOBSX Revise: https://t.co/cdDg9oOoBi,,Ciudad de MÃ©xico,https://pbs.twimg.com/profile_images/1592270813931180036/Q1DVxzSh_normal.jpg,,97202,711,9946,237,3553,https://t.co/tLnGGIkoGV,,NA,FALSE,2024-04-15
3016721947,Centro AlemÃ¡n de InformaciÃ³n para LatinoamÃ©rica,Alemaniaparati,2015-02-10T17:51:15Z,"Canal oficial del Ministerio Federal de Relaciones Exteriores de Alemania en espaÃ±ol. Pie de imprenta: https://t.co/Hw0nm0sx0J
Netiquette https://t.co/v4M1KnuOmL",,NA,https://pbs.twimg.com/profile_images/1649506149752872960/evUWmoAn_normal.jpg,,189020,1766,12163,318,4637,https://t.co/xCxO9nIumD,,NA,FALSE,2024-04-15
1519958591884701697,Peter Felten,GERambMNE,2022-04-29T08:36:24Z,"German Ambassador to Montenegro ğŸ‡©ğŸ‡ª ğŸ‡ªğŸ‡ºğŸ‡²ğŸ‡ª
Account managed by me and my team",,Podgorica,https://pbs.twimg.com/profile_images/1733975529265483776/f7GQlFZ__normal.jpg,,1231,102,715,5,1732,https://t.co/cutegCIcaD,,NA,FALSE,2024-04-15
702796386031562752,German Embassy NAM,GermanEmbassyNA,2016-02-25T10:04:50Z,"This is the Twitter Account of the German Embassy Windhoek - Imprint https://t.co/ZQCzERTS0f - Netiquette https://t.co/2F4vhww7vy
(Retweets are not an endorsement)",,Namibia,https://pbs.twimg.com/profile_images/702796856183668736/Ugbpxtz9_normal.jpg,,1721,251,1976,37,1028,https://t.co/W0q332sbec,,NA,FALSE,2024-04-15
1250750921555861505,Dr. Thomas Prinz,GerAmbKTM,2020-04-16T11:40:42Z,Ambassador of the Federal Republic of Germany to Nepal since 30/09/2021. Retweets are not endorsements. Imprint: https://t.co/eCDNnyaiKD,,Kathmandu,https://pbs.twimg.com/profile_images/1456554834476236802/UhI9rODV_normal.jpg,,3836,35,280,19,6,https://t.co/8r8I0F4Yu8,,NA,FALSE,2024-04-15
1575607519959199744,Germany in New Zealand,GermEmbWell,2022-09-29T22:05:04Z,Kia ora and welcome to the official account of the German Embassy in Wellington ğŸ‡©ğŸ‡ªğŸ¤ğŸ‡³ğŸ‡¿ Ambassador Nicole Menzenbachâ€™s account: @GermanAmbWell,,Wellington,https://pbs.twimg.com/profile_images/1633542096379580417/VIS_U8F9_normal.jpg,,345,152,276,4,319,https://t.co/Rd0JPIU8lu,,NA,FALSE,2024-04-15
1585418629964759040,Nicole Menzenbach,GermanAmbWell,2022-10-26T23:50:47Z,German Ambassador to Aotearoa New Zealand ğŸ‡©ğŸ‡ªğŸ‡³ğŸ‡¿ Views are my own. Retweet â‰  Endorsement. @GermEmbWell,,Wellington,https://pbs.twimg.com/profile_images/1585422770703372288/Vr0FFBT-_normal.jpg,,63,52,25,0,36,https://t.co/MP0UVXdKlC,,NA,FALSE,2024-04-15
1085111164445573120,Duitse Ambassade Den Haag,GermanyinNL,2019-01-15T09:47:16Z,Ambassade van de Bondsrepubliek Duitsland I Deutsche Botschaft Den Haag #Niederlande I German Embassy The Hague - Redactie I Impressum: https://t.co/h0dLhtGOir,,"The Hague, The Netherlands",https://pbs.twimg.com/profile_images/1085111781247336450/0nqopcM1_normal.jpg,,1640,310,1572,0,1504,https://t.co/2ATQ6LJ0Oi,,NA,FALSE,2024-04-15
1197127214522863617,Germany in Nigeria,GERinNigeria,2019-11-20T12:22:27Z,Offical Twitter Account of the German Embassy in Abuja and the German Consulate General in Lagos,,Nigeria,https://pbs.twimg.com/profile_images/1197132943002677250/ZtZTVgJ8_normal.jpg,,6457,388,971,23,496,https://t.co/058hcKYSdC,,NA,FALSE,2024-04-15
1106121212063875073,Annett GÃ¼nther,AnnettGunther,2019-03-14T09:13:42Z,"ğŸ‡©ğŸ‡ª German Ambassador to Nigeria, mother and dog lover, explorer of Africa, RTs are food for thought.",,"Abuja, Nigeria",https://pbs.twimg.com/profile_images/1530491608029974528/LwZHWSmp_normal.jpg,,2835,508,589,11,953,NA,,NA,FALSE,2024-04-15
1394551588384092160,"Petra Drexler, Ambassador",GermanAmbSkopje,2021-05-18T07:13:45Z,German Embassy to North Macedonia Imprint: https://t.co/qDxAG773w4,,Skopje,https://pbs.twimg.com/profile_images/1643979153828646918/ZqjBIUY9_normal.jpg,,1656,114,775,20,640,https://t.co/Z2q1tMVHeo,,NA,FALSE,2024-04-15
1546546525504946181,Deutsche Botschaft Wien,BotschaftWien,2022-07-11T17:27:21Z,"Offizieller Twitter-Account der deutschen Botschaft in Wien, Ã–sterreich | @DEbotschafterAT | Impressum: https://t.co/8QGiDf2y1s",,"Wien, Ã–sterreich",https://pbs.twimg.com/profile_images/1546549912090955776/K_k4SF4L_normal.jpg,,527,418,573,5,381,https://t.co/RwmZRNvHs3,,NA,FALSE,2024-04-15
1702328274888884224,Vito Cecere,DEbotschafterAT,2023-09-14T14:29:52Z,Deutscher Botschafter in Ã–sterreich | German Ambassador to Austria | @BotschaftWien | Impressum: https://t.co/HCn82qzBlw,,Ã–sterreich,https://pbs.twimg.com/profile_images/1702330220194443264/QR_uSTJN_normal.jpg,,154,186,89,0,12,https://t.co/5My95euvcg,,NA,FALSE,2024-04-15
875232953726631936,Michael Klor-Berchtold,mkb_diplo,2017-06-15T06:06:12Z,"Former ğŸ‡©ğŸ‡ªAmbassador to Austria, to Iran, to Yemen, DG at ğŸ‡©ğŸ‡ªForeign Office, Judge Distr. Court Munich. 
Earlier: Tel Aviv, OSCE-Vienna, Kinshasa, Addis Ababa",,NA,https://pbs.twimg.com/profile_images/1524413920827555847/TEprYT86_normal.jpg,,11996,1426,660,80,749,NA,,NA,FALSE,2024-04-15
811885603579162624,Germany UN Vienna,GermanyUNVienna,2016-12-22T10:46:26Z,"Here to strengthen ğŸŒ cooperation on â˜¢ tech & non-proliferation, drugs & crime, industrial development, outer space ğŸ›° & more. RT â‰  endorsement",,"Wien, Ã–sterreich",https://pbs.twimg.com/profile_images/811890521090224128/OLwf3g0g_normal.jpg,,2578,746,4427,53,5488,https://t.co/2kKCsZXQx3,,NA,FALSE,2024-04-15
4096198583,Germany in the OSCE,GER_OSCE,2015-11-02T09:11:22Z,Welcome to the official profile of the German Mission to the OSCE. Retweet â‰  endorsement. Publication data: https://t.co/qEWkFxLPrv,,"Wien, Ã–sterreich",https://pbs.twimg.com/profile_images/846264408661770240/M7MgENmb_normal.jpg,,6876,284,4666,129,6078,https://t.co/ro2UlSpzIu,,NA,FALSE,2024-04-15
2985127720,GermanEmbassyMuscat,GermanyinOman,2015-01-19T04:06:28Z,"Twitter account of German Embassy Muscat informing on Germany, German-Omani relations & regional issues. RT not endorsements. Impressum: https://t.co/zbpFvjynjT",,NA,https://pbs.twimg.com/profile_images/1613469237393215489/rM50LdW__normal.jpg,,3481,202,2506,48,188,https://t.co/XYmkpiaCjO,,NA,FALSE,2024-04-15
895226615130705920,Alfred Grannas,GermanyinPAK,2017-08-09T10:13:52Z,"Ø¬Ø±Ù…Ù† Ø³ÙÛŒØ± Ø¨Ø±Ø§Ø¦Û’ Ù¾Ø§Ú©Ø³ØªØ§Ù†Û”

German Ambassador to Pakistan",,Islamabad,https://pbs.twimg.com/profile_images/1766319400850792448/3xClwKQ__normal.jpg,,348592,728,5658,193,6415,https://t.co/jhdTorvxBd,,NA,FALSE,2024-04-15
1953605191,German Consulate General Karachi,GermanyinKHI,2013-10-11T07:49:13Z,Official account of the German Consulate General in Karachi. Pictures: Â© @germanyinkhi if not otherwise indicated,,"Karachi, Pakistan",https://pbs.twimg.com/profile_images/1330719154656174082/Y6EeIU8V_normal.jpg,,8414,638,2918,47,1892,https://t.co/vZMEmNtqvK,,NA,FALSE,2024-04-15
1491824054281674752,Embajada de Alemania en Paraguay,AlemaniaEnPy,2022-02-10T17:20:50Z,"Cuenta oficial de la Embajada de Alemania en Paraguay.
Pie de imprenta: https://t.co/4TwmZzSTZM",,"AsunciÃ³n, Paraguay",https://pbs.twimg.com/profile_images/1491841244489736199/QGzWjSto_normal.jpg,,2726,132,701,4,222,https://t.co/WfXhZx4M1Q,,NA,FALSE,2024-04-15
1381797209025351681,Ambassador Andreas Pfaffernoschke,germanyinphl,2021-04-13T02:31:58Z,"German Ambassador to the Philippines.
#germanyinphl #GermanyinthePhilippines",,Republik der Philippinen,https://pbs.twimg.com/profile_images/1693921006799507456/FzT9WxXI_normal.jpg,,2318,594,510,28,878,https://t.co/TFE4MLTDF4,,NA,FALSE,2024-04-15
2201252858,Viktor Elbling,Amb_Niemiec,2013-11-18T12:46:03Z,Ambasador Niemiec w Polsce - Impressum: https://t.co/BfCE5QOnQy,,Warszawa,https://pbs.twimg.com/profile_images/1708734129993338880/2TspE1-o_normal.jpg,,15125,360,4538,126,2666,https://t.co/meSuRRI3tl,,NA,FALSE,2024-04-15
4713568101,Martin Kremer,Kons_Niem_Wro,2016-01-05T09:56:58Z,Konsul Generalny Niemiec we WrocÅ‚awiu - Impressum: https://t.co/HT02kSqmVtâ€¦,,"WrocÅ‚aw, DolnoÅ›lÄ…skie",https://pbs.twimg.com/profile_images/1565617209451364359/h-OzXf4t_normal.jpg,,1153,243,2566,31,524,NA,,NA,FALSE,2024-04-15
1090926240259813376,AlemanhaEmPortugal,Alemanha_PT,2019-01-31T10:54:18Z,"Conta oficial da Embaixada da RepÃºblica Federal da Alemanha em Lisboa // Offizieller Account der Deutschen Botschaft Lissabon //
Follows + RTs â‰  endorsement",,"Lissabon, Portugal",https://pbs.twimg.com/profile_images/1093066467820605440/6J3iW0FL_normal.jpg,,1747,306,697,28,328,https://t.co/Ub8pVub2Qi,,NA,FALSE,2024-04-15
828518780473049088,German Embassy Kigali,GermanyinRwanda,2017-02-06T08:20:45Z,"Official Twitter account of the German Embassy in #Rwanda  
â¡ï¸news, info, official statements & events  https://t.co/fqVOO3GAta ~ #RwoT ~ RT=interesting",,Rwanda,https://pbs.twimg.com/profile_images/1088336681843990528/GejMIVTd_normal.jpg,,11611,521,7401,41,9489,https://t.co/w6bC8Cfwqv,,NA,FALSE,2024-04-15
1726355858,Peer Gebauer,PeerGebauer,2013-09-03T18:53:12Z,German Ambassador to Romania,,"Bucharest, Romania",https://pbs.twimg.com/profile_images/698054732183531521/fZ8LN8AV_normal.jpg,,1409,320,984,19,2014,https://t.co/CgoH1R8rVW,,NA,FALSE,2024-04-15
124404444,ĞŸĞ¾ÑĞ¾Ğ»ÑŒÑÑ‚Ğ²Ğ¾Ğ“ĞµÑ€Ğ¼Ğ°Ğ½Ğ¸Ğ¸Ğ Ğ¤,germania_online,2010-03-19T08:45:24Z,"ĞŸĞ¾ÑĞ¾Ğ»ÑŒÑÑ‚Ğ²Ğ¾ Ğ“ĞµÑ€Ğ¼Ğ°Ğ½Ğ¸Ğ¸ Ğ² ĞœĞ¾ÑĞºĞ²Ğµ - Ğ¾Ñ„Ğ¸Ñ†Ğ¸Ğ°Ğ»ÑŒĞ½Ñ‹Ğ¹ Ñ‚Ğ²Ğ¸Ñ‚Ñ‚ĞµÑ€ / Die Botschaft der Bundesrepublik Deutschland in Moskau. https://t.co/iYVetf4XJ4
ĞĞ°Ñˆ Ñ‚ĞµĞ»ĞµĞ³Ñ€Ğ°Ğ¼Ğ¼: https://t.co/fERIslv88E",,Moskau,https://pbs.twimg.com/profile_images/762640445864378368/Stps42KG_normal.jpg,,20883,856,16744,163,1515,https://t.co/W1LdKDgTp8,,NA,FALSE,2024-04-15
847085212853059584,Generalkonsulat STPE,konsulat_stpe,2017-03-29T13:57:07Z,Ğ“ĞµĞ½ĞµÑ€Ğ°Ğ»ÑŒĞ½Ğ¾Ğµ ĞºĞ¾Ğ½ÑÑƒĞ»ÑŒÑÑ‚Ğ²Ğ¾ Ğ¤ĞµĞ´ĞµÑ€Ğ°Ñ‚Ğ¸Ğ²Ğ½Ğ¾Ğ¹ Ğ ĞµÑĞ¿ÑƒĞ±Ğ»Ğ¸ĞºĞ¸ Ğ“ĞµÑ€Ğ¼Ğ°Ğ½Ğ¸Ñ Ğ² Ğ¡Ğ°Ğ½ĞºÑ‚-ĞŸĞµÑ‚ĞµÑ€Ğ±ÑƒÑ€Ğ³Ğµ Deutsches Generalkonsulat in Sankt Petersburg Ğ’Ñ‹Ñ…Ğ¾Ğ´Ğ½Ñ‹Ğµ Ğ´Ğ°Ğ½Ğ½Ñ‹Ğµ https://t.co/TNnh6mFKUZ,,"Saint Petersburg, Russia",https://pbs.twimg.com/profile_images/847326783921766400/LBnLYKEV_normal.jpg,,346,20,660,10,118,https://t.co/N2uzCDN2Vd,,NA,FALSE,2024-04-15
2410536691,German Embassy ZAM,GermanyinZambia,2014-03-25T08:43:38Z,"Official Twitter account of the German Embassy in Zambia. Follow for news, information, official statements & events.
Publication Data: https://t.co/MCAkQ2TVEK",,Lusaka,https://pbs.twimg.com/profile_images/493728600906948609/O31Ju3M3_normal.jpeg,,15680,160,2097,87,697,https://t.co/YxryFymrNN,,NA,FALSE,2024-04-15
765129546651820032,Anne Wagner-Mitchell,EmbZambia,2016-08-15T10:14:34Z,German Ambassador to Zambia and Special Representative to COMESA,,Lusaka/Zambia,https://pbs.twimg.com/profile_images/1295257104580739073/hKuYclgU_normal.jpg,,9776,252,1542,36,2091,https://t.co/wbKDR5Oy4T,,NA,FALSE,2024-04-15
2617027477,Ø£Ù„Ù…Ø§Ù†ÙŠØ§ ğŸ‡©ğŸ‡ªğŸ‡¸ğŸ‡¦,GermanyinKSA,2014-07-11T09:09:55Z,"German Embassy Riyadh. Informing on Germany, German-Saudi relations & regional news. RT not endorsements. PhotosÂ©GermanyinKSA",,Riyadh,https://pbs.twimg.com/profile_images/1400004296163344384/B6XrnBO3_normal.jpg,,56309,465,10098,207,5615,https://t.co/5Eb0bJM2jL,,NA,FALSE,2024-04-15
1422509066807562242,GermanCGJeddah,GermanCGJeddah,2021-08-03T10:46:24Z,German Consulate General Jeddah. Informing on Germany and German-Saudi relations. RT not endorsements. PhotosÂ©GermanCGJeddah.,,"Jeddah, Saudi Arabia",https://pbs.twimg.com/profile_images/1422521091482918922/sZ_wcYO3_normal.jpg,,361,40,289,4,160,https://t.co/PccOrZNho8,,NA,FALSE,2024-04-15
770249562787315712,Tyska Ambassaden,TyskaAmbassaden,2016-08-29T13:19:41Z,HÃ¤r twittrar Tysklands ambassad i Sverige. Germany in Sweden.,,"Stockholm, Schweden",https://pbs.twimg.com/profile_images/770254039267278852/wtoxtJZk_normal.jpg,,2125,897,2414,30,817,https://t.co/NNXMIEEfGx,,NA,FALSE,2024-04-15
827450735528906754,Dr. Joachim Bertele,GermanAmbSWE,2017-02-03T09:36:43Z,German Ambassador to Sweden. RT not endorsements.,,"Stockholm, Schweden",https://pbs.twimg.com/profile_images/1779870654684139520/GtIKL7Tb_normal.jpg,,2698,454,1752,23,1484,https://t.co/gYj9NpnymR,,NA,FALSE,2024-04-15
2331937675,Deutsche Botschaft Bern,botschaftbern,2014-02-07T14:18:40Z,"Offizielle Tweets der deutschen Botschaft in Bern, Schweiz. https://t.co/hoLqnZ3TIa Follows & RTs â‰  endorsements.",,Schweiz,https://pbs.twimg.com/profile_images/1293905950143729669/XcFNLmPm_normal.jpg,,2347,571,3888,53,2655,https://t.co/xf5I1ZOSGa,,NA,FALSE,2024-04-15
1335173599,Germany UN Geneva ğŸ‡©ğŸ‡ªğŸ‡ªğŸ‡ºğŸ‡ºğŸ‡¦,GermanyUNGeneva,2013-04-07T21:47:27Z,Permanent Mission of Germany to the @UNGeneva & other International Organizations. Tweeting about #UN #EU #HumanRights #Trade #HealthForAll #GenderEquality | ğŸ•Š,,"Geneva, Switzerland",https://pbs.twimg.com/profile_images/1746927556396191744/B9gGGw4m_normal.jpg,,12788,1033,6592,220,4981,https://t.co/lk8aSN5gE3,,NA,FALSE,2024-04-15
1614937107880939521,Centre Allemand d'Information en Afrique,CAI_Afrique,2023-01-16T10:46:38Z,"C'est ici! Infos sur l'Allemagne, en franÃ§ais.
Compte officiel du MinistÃ¨re ğŸ‡©ğŸ‡ª des Affaires Ã©trangÃ¨res.
RTâ‰ endorsement. Mentions lÃ©gales: https://t.co/gAEpHYfn3k",,Afrique,https://pbs.twimg.com/profile_images/1614939271781040129/vpTyCV4l_normal.jpg,,10644,1258,1214,9,2620,https://t.co/ALtrXv2v8Z,,NA,FALSE,2024-04-15
964102160995799040,German Embassy Freetown,GERinSalone,2018-02-15T11:40:42Z,Official Account of the Embassy/Ambassador of Germany to Sierra Leone,,NA,https://pbs.twimg.com/profile_images/1602655672113455105/QzLWgYlj_normal.jpg,,4832,308,1290,20,2627,https://t.co/zbjbj2Y1JA,,NA,FALSE,2024-04-15
973358048738729984,Ambassador Norbert Riedel,GermanyinSGP,2018-03-13T00:40:17Z,Official Tweets from the German Ambassador in SingaporeğŸ‡©ğŸ‡ªğŸ‡¸ğŸ‡¬and team (tb). Usual caveats apply. @GermanyDiplo @GERonAsia @GermanyInSEAsia #IndoPacific,,Singapur,https://pbs.twimg.com/profile_images/1470019161157877766/SCDP7dn7_normal.jpg,,1915,859,3199,38,1537,https://t.co/JSrfi01efk,,NA,FALSE,2024-04-15
1453260685530603528,GIC Southeast Asia,GermanyInSEAsia,2021-10-27T07:22:46Z,A public diplomacy initiative of ğŸ‡©ğŸ‡ª's Federal Foreign Office. Discover Germany's partnership with Southeast Asia! RT â‰  Endorsement â”‚ Impressum: https://t.co/nQu4iMxHxm,,NA,https://pbs.twimg.com/profile_images/1453561831818104840/iCoW_Hqc_normal.jpg,,17154,245,2289,21,594,NA,,NA,FALSE,2024-04-15
913027867071705090,Deutsche Botschaft Pressburg,Nem_velvyslan,2017-09-27T13:09:41Z,Tweety NemeckÃ©ho veÄ¾vyslanectva na Slovensku. RT â‰  sÃºhlas. TirÃ¡Å¾ & Ochrana dÃ¡t: https://t.co/Aj18q8lvjH,,Bratislava,https://pbs.twimg.com/profile_images/1741785333916741632/61sxH18S_normal.jpg,,998,606,3270,17,6889,https://t.co/BspT1jFysL,,NA,FALSE,2024-04-15
969492747689299969,GermanyinSomalia,GermanyinSOM,2018-03-02T08:40:58Z,"Official Twitter Account of the German Embassy to the Federal Republic of Somalia, based in Nairobi, Kenya. Impressum: https://t.co/YwTybxoJaN",,"Nairobi, Kenya",https://pbs.twimg.com/profile_images/969495838182576128/l0853LIb_normal.jpg,,28024,245,1014,70,464,https://t.co/M7nc3vkLms,,NA,FALSE,2024-04-15
1116261908460519424,Embajadora de Alemania en Madrid,AlemaniaDiplo,2019-04-11T08:49:12Z,"Perfil oficial de la Embajadora de Alemania en Madrid, Maria Margarete Gosse y su equipo. Follows & RTsâ‰ endorsement
Impressum: https://t.co/Dlfd2rq3Cj",,Madrid,https://pbs.twimg.com/profile_images/1564613979309330433/511hzevA_normal.jpg,,6525,1674,4748,38,1254,https://t.co/8kssYcEWF9,,NA,FALSE,2024-04-15
1171267873,GermanEmbassyColombo,GermanyinSL,2013-02-12T07:55:45Z,"The official Twitter account of the German Embassy in Colombo 
Impressum: https://t.co/WudO36CXS0",,Sri Lanka,https://pbs.twimg.com/profile_images/491495957016481792/DBiWg2hy_normal.jpeg,,6859,281,1799,70,690,http://t.co/IAHMV3m6tP,,NA,FALSE,2024-04-15
790497249348448256,Ambassador Holger Seubert,GermanAmbColo,2016-10-24T10:16:45Z,Official Account of the German Ambassador to Sri Lanka and the Maldives,,NA,https://pbs.twimg.com/profile_images/1302895758245613568/OXD8Trnm_normal.jpg,,6911,14,520,36,347,https://t.co/ElIWbKGSMu,,NA,FALSE,2024-04-15
1439873030969339907,German Embassy in Sudan,GermanyinSudan,2021-09-20T08:44:35Z,Official account of the Embassy of the Federal Republic of Germany to the Republic of Sudan,,"Khartoum, Sudan",https://pbs.twimg.com/profile_images/1439881024029265920/MMu9_WJ5_normal.jpg,,5078,125,305,65,0,https://t.co/KACchwhBTB,,NA,FALSE,2024-04-15
2341853726,GIC Africa,GermanyInAfrica,2014-02-13T11:47:24Z,"Stay informed about ğŸ‡©ğŸ‡ª's foreign policy, partnership with Africa & opportunities! Official account of the German Federal Foreign Office. https://t.co/CCXDhB1tph",,Africa,https://pbs.twimg.com/profile_images/1410531535971930113/vPhZE4FR_normal.jpg,,54931,19524,13205,119,4179,https://t.co/Xx75OhOdCQ,,NA,FALSE,2024-04-15
1433378520399556612,Andreas Peschke,AmbPeschke,2021-09-02T10:38:08Z,"German Ambassador to South Africa, Eswatini and Lesotho at @GermanEmbassySA Infos on consular matters: https://t.co/3i8e2aoczL",,Pretoria,https://pbs.twimg.com/profile_images/1433708429856624665/yA_WxnE5_normal.jpg,,6214,243,1040,13,2564,https://t.co/O4olmCJTYI,,NA,FALSE,2024-04-15
926639601132769280,Tanja Werheit,GermanyCapetown,2017-11-04T02:37:51Z,Consul General of the Federal Republic of Germany in Cape Town. RTs not necessarily mean endorsement.,,"Cape Town, South Africa",https://pbs.twimg.com/profile_images/1702323473908166656/TfwfBeiU_normal.jpg,,1628,1225,955,11,2828,https://t.co/ykFNyL08Qe,,NA,FALSE,2024-04-15
1211552471627124736,German Embassy South Sudan,GERinSSD,2019-12-30T07:40:27Z,Official account of the Embassy of the Federal Republic of Germany in South Sudan. Tweets signed â€Csâ€œ are tweeted by Ambassador Christian Sedat.,,Juba - South Sudan,https://pbs.twimg.com/profile_images/1760726851645808640/Mm_8U4Sq_normal.jpg,,8173,321,1830,41,1322,https://t.co/cmSBEfkGi6,,NA,FALSE,2024-04-15
1186234413278994432,German Embassy Dushanbe,GermanyinTJ,2019-10-21T10:56:36Z,"Deutsche Botschaft #Duschanbe /
ĞŸĞ¾ÑĞ¾Ğ»ÑŒÑÑ‚Ğ²Ğ¾ Ğ“ĞµÑ€Ğ¼Ğ°Ğ½Ğ¸Ğ¸ Ğ² #Ğ”ÑƒÑˆĞ°Ğ½Ğ±Ğµ /
Ğ¡Ğ°Ñ„Ğ¾Ñ€Ğ°Ñ‚Ğ¸ #ĞĞ»Ğ¼Ğ¾Ğ½ Ğ´Ğ°Ñ€ Ğ”ÑƒÑˆĞ°Ğ½Ğ±Ğµ /
Impressum: https://t.co/j3rQWBrnO4",,Tajikistan,https://pbs.twimg.com/profile_images/1186244628208672770/QnNziseb_normal.jpg,,576,73,301,10,81,https://t.co/B16JfjYjK3,,NA,FALSE,2024-04-15
2302927777,German Embassy Dar es Salaam,GermanyTanzania,2014-01-21T11:15:38Z,"Welcome to the official twitter account of the #German Embassy #DarEsSalaam, #Tanzania",,NA,https://pbs.twimg.com/profile_images/491531690326507521/VgsqKNoI_normal.jpeg,,34656,368,4029,97,1386,https://t.co/hIUG9LSDZs,,NA,FALSE,2024-04-15
1014144922054619136,German Embassy Bangkok,GERinThailand,2018-07-03T13:52:46Z,Welcome to the Twitter account of the Embassy of the Federal Republic of Germany in Thailand.,,"Bangkok, Thailand",https://pbs.twimg.com/profile_images/1029266027366862848/2jvRnH-J_normal.jpg,,4544,83,1820,41,418,https://t.co/JpUpM39HvH,,NA,FALSE,2024-04-15
3677621832,Ernst Reichel ğŸ˜,GermanAmbTHA,2015-09-25T04:28:06Z,"Ambassador of Germany to Thailand. Former Ambassador to Greece, Ukraine and Kosovo",,Bangkok,https://pbs.twimg.com/profile_images/1703618529172631552/uhedqkkm_normal.jpg,,8686,609,5414,110,3157,https://t.co/p81kopsNZm,,NA,FALSE,2024-04-15
1245362279245324288,Deutsche Botschaft N'Djamena ğŸ‡©ğŸ‡ªğŸ‡ªğŸ‡ºğŸ‡ºğŸ‡¦,AmbRFA_Tchad,2020-04-01T14:48:30Z,Offizielles Twitteraccount der Deutschen Botschaft im Tschad. Le compte de l'Ambassade d'Allemagne au Tchad. https://t.co/Zn4EQ0fsj3,,N'Djamena,https://pbs.twimg.com/profile_images/1452927411771908096/FPMK17Zz_normal.jpg,,2296,141,514,22,420,https://t.co/wqfXkqNBtS,,NA,FALSE,2024-04-15
2784035192,Andreas KÃ¼nne,velvyslanec_SRN,2014-09-01T12:26:54Z,ÃšÄet ğŸ‡©ğŸ‡ª velvyslance v Praze a tÃ½mu velvyslanectvÃ­ (TT). Hier tweeten der ğŸ‡©ğŸ‡ª Botschafter in Prag und das Team der Botschaft (TT).,,Prag / Praha,https://pbs.twimg.com/profile_images/1739966052472107008/-4GjyOuI_normal.jpg,,7253,411,6894,68,5263,https://t.co/jnPCzmUDdL,,NA,FALSE,2024-04-15
947774892,Allemagne en Tunisie ğŸ‡©ğŸ‡ªğŸ‡¹ğŸ‡³,GermanEmbassyTN,2012-11-14T13:44:24Z,Bienvenue sur le compte Twitter officiel de l'Ambassade d'Allemagne Ã  Tunis. ğŸ‡©ğŸ‡ªğŸ‡¹ğŸ‡³,,Tunis,https://pbs.twimg.com/profile_images/1625689434208321540/HduAemE4_normal.jpg,,11691,370,3465,108,294,https://t.co/Tb6jdmiLnr,,NA,FALSE,2024-04-15
2834028285,AlmanyaBE,AlmanyaBE,2014-10-16T13:23:47Z,Almanya Federal Cumhuriyeti BÃ¼yÃ¼kelÃ§iliÄŸi'nin resmi hesabÄ± / Offizieller Account der Deutschen Botschaft Ankara,,Ankara,https://pbs.twimg.com/profile_images/1734135292406157312/ooA5OJp3_normal.jpg,,42246,2384,5503,121,1352,https://t.co/8vK90vjvqx,,NA,FALSE,2024-04-15
1593154361391304704,Almanya BaÅŸkonsolosluÄŸu Ä°stanbul,gk_ista,2022-11-17T08:10:49Z,Almanya Federal Cumhuriyeti BaÅŸkonsolosluÄŸuâ€™nun resmi hesabÄ± - Offizieller Account des Deutschen Generalkonsulats Istanbul,,Istanbul,https://pbs.twimg.com/profile_images/1734120433123774464/2fUEAS9K_normal.jpg,,1554,345,287,0,50,https://t.co/Fhr36UeTfe,,NA,FALSE,2024-04-15
778884712593035265,ĞŸĞ¾ÑĞ¾Ğ»ÑŒÑÑ‚Ğ²Ğ¾ ĞÑ–Ğ¼ĞµÑ‡Ñ‡Ğ¸Ğ½Ğ¸,GermanyinUA,2016-09-22T09:12:41Z,ĞÑ„Ñ–Ñ†Ñ–Ğ¹Ğ½Ğ° ÑÑ‚Ğ¾Ñ€Ñ–Ğ½ĞºĞ° ĞŸĞ¾ÑĞ¾Ğ»ÑŒÑÑ‚Ğ²Ğ° ğŸ‡©ğŸ‡ª Ğ² ğŸ‡ºğŸ‡¦ | ĞŸĞ¾ÑĞ¾Ğ» ĞÑ–Ğ¼ĞµÑ‡Ñ‡Ğ¸Ğ½Ğ¸ Ğ² Ğ£ĞºÑ€Ğ°Ñ—Ğ½Ñ– @MJaegerT | Instagram: german_embassy_ukraine | FB: deutschebotschaftkyjiw,,Ukraine,https://pbs.twimg.com/profile_images/1042369791523217408/PHlGxYjo_normal.jpg,,7003,659,6402,110,9211,https://t.co/wdF3vI7Z4R,,NA,FALSE,2024-04-15
1217390545091399683,Anka Feldhusen,AnkaFeldhusen,2020-01-15T10:18:36Z,,,NA,https://pbs.twimg.com/profile_images/1318795796091895811/xrn7ldN9_normal.jpg,,3872,24,358,46,242,NA,,NA,FALSE,2024-04-15
2989913554,Julia Gross,GERinHUN,2015-01-21T13:35:43Z,"Please note that tweets before 20/09/2022 are from the previous ambassadors. From now on, German Ambassador Julia Gross will be tweeting here. Follow @GERinHUN.",,Budapest,https://pbs.twimg.com/profile_images/1572232681785540608/k3mA1w-c_normal.jpg,,1663,311,1971,34,257,https://t.co/I2S5dCvwOD,,NA,FALSE,2024-04-15
1313881337296756737,Embajador Eugen Wollfarth,AlemaniaEnUY,2020-10-07T16:38:29Z,Cuenta oficial del Embajador de Alemania ğŸ‡©ğŸ‡ª en Uruguay. Posts de mi equipo y de mÃ­.,,"Montevideo, Uruguay",https://pbs.twimg.com/profile_images/1558203452588695554/pHfQd11W_normal.jpg,,883,375,1040,4,3904,https://t.co/RqP3JVckWr,,NA,FALSE,2024-04-15
252592692,German Embassy,GermanyinUSA,2011-02-15T14:20:46Z,Posts from the German Embassy in the United States. ğŸ‡©ğŸ‡ª Ambassador Michaelis: @GermanAmbUSA ğŸ“§Newsletter: https://t.co/l6Pf1WWrmQ,,"Washington, DC",https://pbs.twimg.com/profile_images/453631409999978498/jeqp9sUG_normal.jpeg,,58488,424,27668,835,16777,https://t.co/av1GyQHL3i,,NA,FALSE,2024-04-15
2444122315,Andreas Michaelis,GermanAmbUSA,2014-04-14T16:12:52Z,German Ambassador to the US. Reposts not endorsements. Views are my own.,,"Washington, DC",https://pbs.twimg.com/profile_images/1686833013563269120/eW2p4mh6_normal.jpg,,44898,446,5972,457,1388,https://t.co/Jw0gfaQ2a8,,NA,FALSE,2024-04-15
1040170232139141121,German Consulate General Atlanta,GermanyAtlanta,2018-09-13T09:28:03Z,Welcome to the official Twitter account of the German Consulate General in Atlanta. RTs not endorsements. Impressum: https://t.co/XysGOuTvOc,,"Atlanta, GA",https://pbs.twimg.com/profile_images/1040171142487527425/knq6iVwh_normal.jpg,,1291,130,1640,20,1749,NA,,NA,FALSE,2024-04-15
3545389029,German Consulate BOS,GermanyinBoston,2015-09-04T14:17:11Z,ğŸ‡©ğŸ‡ª Welcome to the official Twitter account of the German Consulate General in Boston. Tweets by staff with tweets from Consul General Kreibich signed SK.,,"Boston, MA",https://pbs.twimg.com/profile_images/1553883914619469827/-34tVi___normal.jpg,,2519,579,3379,50,2019,https://t.co/4VTPHBFSwL,,NA,FALSE,2024-04-15
3682847113,German Consulate General Chicago,GermanyMidwest,2015-09-25T15:31:44Z,Welcome to the official account of the German Consulate General in Chicago. Consul General Michael Ahrens and his team posting. RT not endorsements.,,"Chicago, IL",https://pbs.twimg.com/profile_images/1147176494415958017/VAZ0hgzy_normal.png,,1762,242,1320,0,168,https://t.co/ow7oPfzVpE,,NA,FALSE,2024-04-15
2911150377,German Consulate General LA,GermanyinLA,2014-12-08T16:39:35Z,Welcome to the official Twitter account of the German Consulate General in Los Angeles. (RT not endorsements.),,Los Angeles,https://pbs.twimg.com/profile_images/757609002712707072/XEq69gZM_normal.jpg,,2785,173,3031,55,1355,https://t.co/kCcupAy1bL,,NA,FALSE,2024-04-15
17426470,Christofer Burger ğŸ‡©ğŸ‡ªğŸ‡ªğŸ‡ºğŸ‡ºğŸ‡¸,BurGermany,2008-11-16T19:26:41Z,"Consul General of Germany in Miami, previously Foreign Office Spokesperson. I ride for the brand ğŸ‡©ğŸ‡ª. Views are my own.",,NA,https://pbs.twimg.com/profile_images/1702640854366576640/zUj-jalR_normal.jpg,,297,507,206,0,3193,NA,,NA,FALSE,2024-04-15
2648099923,German Consulate General NY,GermanyNY,2014-07-15T15:10:00Z,"Tweets from the German Consulate General in New York. Representing Germany in NY, NJ, PA, Fairfield County CT and Bermuda.",,"New York, NY",https://pbs.twimg.com/profile_images/890557452684599298/26pX2Qxj_normal.jpg,,8521,920,13566,0,24192,https://t.co/PAjvj9LoKu,,NA,FALSE,2024-04-15
227653209,Germany in the United Nations,GermanyUN,2010-12-17T12:30:53Z,"Everything ğŸ‡©ğŸ‡ª does in the ğŸ‡ºğŸ‡³- #UnitingForHumanity, #multilateralism, #globalgoals. In Berlin, Bonn, New York, Geneva, Vienna, Rome, Nairobi, Paris & beyond.",,NA,https://pbs.twimg.com/profile_images/1734525882973220864/F2AvPMTP_normal.jpg,,91976,2006,19028,1126,6733,https://t.co/9mjJVVIuMs,,NA,FALSE,2024-04-15
1617557615323627520,Ambassador Antje Leendertse ğŸ‡©ğŸ‡ªğŸ‡ºğŸ‡³,GermanAmbUN_NY,2023-01-23T16:20:28Z,"Permanent Representative of Germany to the United Nations (UN) New York, Amb. Leendertse. Official account. Retweet not endorsement.",,"New York, NY",https://pbs.twimg.com/profile_images/1617563971002802177/ePqkU4e2_normal.jpg,,1037,320,555,12,328,https://t.co/JVworresZw,,NA,FALSE,2024-04-15
1349062923994288128,German Consulate San Francisco,GermanyinSF,2021-01-12T18:38:21Z,Tweets from the German Consulate General San Francisco.,,"San Francisco, CA",https://pbs.twimg.com/profile_images/1349066943471370240/8olvJilM_normal.jpg,,1093,237,1526,14,2327,https://t.co/R7fllfKRuU,,NA,FALSE,2024-04-15
1278177814215299072,Germaniyaning Toshkentdagi elchixonasi,germanyinuz,2020-07-01T04:06:50Z,Germaniya Federativ Respublikasining Toshkentdagi elchixonasi,,Tashkent,https://pbs.twimg.com/profile_images/1278275041365504000/bOSZhh4H_normal.jpg,,999,127,657,14,1914,https://t.co/PDnlrEn9Xz,,NA,FALSE,2024-04-15
821366991780986880,Embajada de Alemania en Venezuela,AlemaniaVzla,2017-01-17T14:42:05Z,Cuenta oficial de la Embajada de la RepÃºblica Federal de Alemania en Venezuela. https://t.co/TLtSCfIKKhâ€¦,,Caracas,https://pbs.twimg.com/profile_images/1746973749335805952/qwxARQZx_normal.jpg,,25143,1367,8747,114,2476,https://t.co/7YLL5ULlk6,,NA,FALSE,2024-04-15
930694249196261376,German Embassy Abu Dhabi,GermanEmbUAE,2017-11-15T07:09:35Z,Tweets from the official Twitter account of the German Embassy in the U.A.E          -ØªØºØ±ÙŠØ¯Ø§Øª Ù…Ù† Ø§Ù„Ø­Ø³Ø§Ø¨ Ø§Ù„Ø±Ø³Ù…ÙŠ Ù„Ø³ÙØ§Ø±Ø© Ø§Ù„Ø£Ù„Ù…Ø§Ù†ÙŠØ© ÙÙŠ Ø¯ÙˆÙ„Ø© Ø§Ù„Ø¥Ù…Ø§Ø±Ø§Øª Ø§Ù„Ø¹Ø±Ø¨ÙŠØ© Ø§Ù„Ù…ØªØ­Ø¯Ø©,,Abu Dhabi,https://pbs.twimg.com/profile_images/1526446061073702912/fr8uQknE_normal.jpg,,2286,170,1932,30,1341,https://t.co/3KN1JvYWOy,,NA,FALSE,2024-04-15
1257254047222059009,German Consulate General Dubai,GermConDubai,2020-05-04T10:23:18Z,Welcome to the official Twitter account of the German Consulate General in Dubai. RTs are not endorsements. https://t.co/Y4jW78NnRK,,Dubai,https://pbs.twimg.com/profile_images/1257254641026371586/e_cfepuN_normal.jpg,,1436,89,653,14,579,https://t.co/rYlXk6LrMq,,NA,FALSE,2024-04-15
2307556567,German Embassy Hanoi,GermanyinHanoi,2014-01-24T02:04:57Z,German Embassy Hanoi - please visit our website for more about us: https://t.co/9UL6r6q9Vv,,"27 Tráº§n PhÃº, Ba ÄÃ¬nh, HÃ  Ná»™i",https://pbs.twimg.com/profile_images/1742068192439369728/EzzrCGKU_normal.jpg,,16804,239,3542,92,162,https://t.co/yG0rJL2qwo,,NA,FALSE,2024-04-15
1572460776304025601,German Embassy Nicosia,GerEmbNicosia,2022-09-21T05:40:56Z,"A Twitter feed dedicated to promoting diplomatic relations, economic growth, technological progress, and friendship between Germany and Cyprus.",,"Nicosia, Cyprus",https://pbs.twimg.com/profile_images/1572462196298235904/-2mxLkRX_normal.jpg,,233,210,1173,2,436,https://t.co/alLtIxGzRe,,NA,FALSE,2024-04-15
1064827251269750784,Germany in Ramallah,GerRepRamallah,2018-11-20T10:26:15Z,News from the German Representative Office in the Palestinian territories. Follow our HoM on @GermanRepRama,,NA,https://pbs.twimg.com/profile_images/1539510890176864258/l4IGlFMw_normal.jpg,,3383,301,998,66,358,https://t.co/yQ9XC4KGaH,,NA,FALSE,2024-04-15
1378686963071483906,Oliver Owcza,GermanRepRama,2021-04-04T12:33:02Z,"Diplomat, ğŸ‡©ğŸ‡ª Representative in ğŸ‡µğŸ‡¸, former Ambassador to Libya",,NA,https://pbs.twimg.com/profile_images/1424782977171697666/0J_e6iwD_normal.jpg,,2403,308,462,23,124,https://t.co/uDsu2Vk7AD,,NA,FALSE,2024-04-15
1435246722196856839,Bernhard Kotsch,GERAmbHolySee,2021-09-07T14:21:38Z,German Ambassador to the Holy See and the Sovereign Order of Malta,,Rome,https://pbs.twimg.com/profile_images/1701863486114914304/12cD50IG_normal.jpg,,1159,322,400,17,21,https://t.co/nLQCuwhhsA,,NA,FALSE,2024-04-15
273468342,AuswÃ¤rtiges Amt,AuswaertigesAmt,2011-03-28T15:09:35Z,"Aktuelle Nachrichten aus dem AuswÃ¤rtigen Amt - Auf Englisch: @GermanyDiplo - Impressum, Datenschutz & Netiquette: https://t.co/RMILLWXov8",,NA,https://pbs.twimg.com/profile_images/1648952783872094208/WsFXi6zt_normal.jpg,,911329,1179,26094,3157,19854,https://t.co/1d5CRS4RjS,,NA,FALSE,2024-04-15
453030125,GermanForeignOffice,GermanyDiplo,2012-01-02T14:13:02Z,News from the German Foreign Office - Follow us in German as well @AuswaertigesAmt - Imprint and data privacy: https://t.co/CUDlmEsfgc,,Berlin,https://pbs.twimg.com/profile_images/1648952631950229504/aQXQ4hjz_normal.jpg,,312628,640,18621,3528,12933,https://t.co/9fnyRjjP18,,NA,FALSE,2024-04-15
949232564711165953,ğŸ‡©ğŸ‡ª GER on Peace & Humanitarian Action,AA_stabilisiert,2018-01-05T10:54:14Z,"Hier twittern Deike Potzel, Susanne Fries-Gaier und Anka Feldhusen. Folgt uns fÃ¼r Updates zur ğŸ‡©ğŸ‡ª FriedensfÃ¶rderung, Stabilisierung und humanitÃ¤ren Hilfe.",,"Berlin, Germany",https://pbs.twimg.com/profile_images/1711404911726854144/WCbrNSn9_normal.jpg,,13312,427,5903,66,2504,https://t.co/99cBcxEbU2,,NA,FALSE,2024-04-15
963502292287803397,Christoph Retzlaff,GERonAfrica,2018-02-13T19:57:02Z,Director for Sub-Saharan Africa & Sahel @GermanyDiplo,,"Berlin, Deutschland",https://pbs.twimg.com/profile_images/1762140151675822081/x8FNz9LQ_normal.jpg,,13599,314,3569,98,1600,https://t.co/h32fVi08RM,,NA,FALSE,2024-04-15
1469264387512979461,AuÃŸenministerin Annalena Baerbock,ABaerbock,2021-12-10T11:15:44Z,Offizieller Twitter Account von AuÃŸenministerin Annalena Baerbock â”‚ Official Twitter Account of Foreign Minister Annalena Baerbock,,Berlin,https://pbs.twimg.com/profile_images/1771119302608896000/y9RE9MSM_normal.jpg,,717013,115,705,1937,168,https://t.co/bR6R0XD5I5,,NA,FALSE,2024-04-15
1489164711652466688,Bundeskanzler Olaf Scholz,Bundeskanzler,2022-02-03T09:12:06Z,"Bundeskanzler der Bundesrepublik Deutschland. EuropÃ¤er. Demokrat. 
MdB-Account: @olafscholz

Federal Chancellor of Germany",,NA,https://pbs.twimg.com/profile_images/1734113981088866304/fBVsT3Ap_normal.jpg,,880235,121,1422,2480,555,https://t.co/ApBPIDFquw,,NA,FALSE,2024-04-15
940517950552985600,Germany in the United Nations,GERMANYonUN,2017-12-12T09:45:28Z,"Germany for #InternationalOrder, the #UN and #ArmsControl, Federal Foreign Office
Imprint and data privacy: https://t.co/OixFpBiB2B",,"Berlin, Deutschland",https://pbs.twimg.com/profile_images/1507281199328288768/I6Ywsonk_normal.jpg,,5570,450,5763,63,1047,https://t.co/jtcUtlo6Qw,,NA,FALSE,2024-04-15
938875671560024064,Peter Ptassek,Ptassek,2017-12-07T20:59:38Z,"Director for Public Diplomacy, Federal Foreign Office  
Stay informed and check your sources! 
RT â‰  endorsement",,"Berlin, Germany",https://pbs.twimg.com/profile_images/1561573159756783616/vdqLX2rl_normal.jpg,,9705,809,750,69,1874,https://t.co/D9FCnkd3ao,,NA,FALSE,2024-04-15
950367584721035264,Matthias LÃ¼ttenberg,GERonOstpolitik,2018-01-08T14:04:23Z,"Director for Eastern Europe, Caucasus and Central Asia @GermanyDiplo - Imprint and data privacy: https://t.co/PjBgu9kSQ2",,"Berlin, Deutschland",https://pbs.twimg.com/profile_images/1399625874786459648/C5vA6JJr_normal.jpg,,5824,518,3325,98,1121,NA,,NA,FALSE,2024-04-15
951741980211544064,Petra Sigmund,GERonAsia,2018-01-12T09:05:45Z,"Director General for Asia and the Pacific @GermanyDiplo - 
Impressum and data privacy: https://t.co/Lwb8Rfyd8D",,"Berlin, Deutschland",https://pbs.twimg.com/profile_images/1623716206506123266/KvNhJvlR_normal.jpg,,7293,219,3453,81,2978,https://t.co/8qpAkw1szn,,NA,FALSE,2024-04-15
943902551342272513,@GERonEconomy,GERonEconomy,2017-12-21T17:54:39Z,Germany - imprint + data privacy: https://t.co/6lBozhu4ks,,"Berlin, Germany",https://pbs.twimg.com/profile_images/1525032200269332481/zQR-dqkz_normal.jpg,,3861,70,1588,58,2198,https://t.co/jZwzGKxwlF,,NA,FALSE,2024-04-15
943843804276314112,Hinrich Thoelken,GERClimatEnergy,2017-12-21T14:01:13Z,Deputy Director-General for Energy and Climate Policy at Federal Foreign Office @GermanyDiplo - Imprint and data privacy: https://t.co/ztOSkP9ZJj,,"Berlin, Germany",https://pbs.twimg.com/profile_images/1286556792122683393/djBTveEa_normal.jpg,,2903,319,865,68,514,https://t.co/9ozrRzerR9,,NA,FALSE,2024-04-15
1024585169225895936,Sibylle Katharina Sorg,GERonEurope,2018-08-01T09:18:34Z,Director-General for European Affairs at Federal Foreign Office @GermanyDiplo all about EU & Europe,,"Berlin, Deutschland",https://pbs.twimg.com/profile_images/1521842554270007296/jEO070E3_normal.jpg,,6882,230,2147,92,2014,https://t.co/TyKR2cJLQe,,NA,FALSE,2024-04-15
21197524,Dr. Tobias Lindner,tobiaslindner,2009-02-18T13:58:56Z,"Mitglied des Deutschen #Bundestages, BÃœNDNIS 90/DIE GRÃœNEN, #Staatsminister im AuswÃ¤rtigen Amt Impressum: https://t.co/CVQA3yyr5f",,"Berlin, Deutschland",https://pbs.twimg.com/profile_images/1485011926363086849/xa3VQ6k0_normal.jpg,,15607,2906,7201,353,26182,https://t.co/2I7h1p5gDk,,NA,FALSE,2024-04-15
214502417,Jennifer Morgan,climatemorgan,2010-11-11T15:18:16Z,"State Secretary and Special Envoy for International Climate Action, Federal Foreign Office of Germany. Views are my own.",,"Berlin, Deutschland",https://pbs.twimg.com/profile_images/1504151256645963781/lb_s9hlD_normal.jpg,,43284,350,7877,838,3557,https://t.co/Urr9wOVSRi,,NA,FALSE,2024-04-15
1256250442901852162,Miguel Berger,MiguelBergerAA,2020-05-01T15:54:01Z,INACTIVE ACCOUNT - Former State Secretary - Federal Foreign Office Berlin,,"Mitte, Berlin",https://pbs.twimg.com/profile_images/1256573596627075073/5H7LA7Ma_normal.jpg,,10285,156,689,60,1079,https://t.co/xs2Qkda7lu,,NA,FALSE,2024-04-15
1257677623339233281,Michael Reiffenstuel,GERonWEB,2020-05-05T14:25:02Z,Director for the Western Balkans @GermanyDiplo - Imprint and Data Privacy: https://t.co/Phw9NkITm2,,"Berlin, Deutschland",https://pbs.twimg.com/profile_images/1694333924372074496/p29K7u3j_normal.jpg,,3119,279,511,22,23,https://t.co/oM4KEIc4Zx,,NA,FALSE,2024-04-15
958330185497174017,Krisenreaktionszentrum,AA_SicherReisen,2018-01-30T13:24:55Z,"@AuswaertigesAmt. Reise-/Sicherheitshinweise (#RSHW): https://t.co/rLAWeKvbhe
Keine Notrufannahme. Impressum: https://t.co/9PgDkEHuGj",,"Berlin, Deutschland",https://pbs.twimg.com/profile_images/960912175387889665/ezsd-CQ9_normal.jpg,,71010,219,2322,302,351,https://t.co/lOHileAXNk,,NA,FALSE,2024-04-15
1116261109651079168,Tania von Uslar,GermanyOnIntLaw,2019-04-11T08:46:02Z,"Director-General for Legal Affairs, Legal Adviser @GermanyDiplo",,"Berlin, Deutschland",https://pbs.twimg.com/profile_images/1626499877692755969/b5sG87eu_normal.jpg,,2977,89,460,20,26,https://t.co/Ir2XoNZBOF,,NA,FALSE,2024-04-15
germanembassysa,,germanembassysa,NA,NA,,NA,NA,,NA,NA,NA,NA,NA,NA,,NA,TRUE,2024-04-15
GermanSRAP,,GermanSRAP,NA,NA,,NA,NA,,NA,NA,NA,NA,NA,NA,,NA,TRUE,2024-04-15
954368924384100352,Michael Scharfschwerdt,planungsstab,2018-01-19T15:04:17Z,Director Policy Planning @GermanyDiplo. Impressum: https://t.co/U7Ej5HPSTpâ€¦,,"Berlin, Germany",https://pbs.twimg.com/profile_images/1500766805673091073/doRwdnd1_normal.jpg,,6164,532,1131,62,5055,NA,,NA,FALSE,2024-04-15
940598019258494976,#TeamAbteilung6,AA_Kultur,2017-12-12T15:03:38Z,Abteilung fÃ¼r Kultur und Gesellschaft im @AuswaertigesAmt. Hier alles zur AuswÃ¤rtigen Kultur- und Bildungspolitik.,,"Berlin, Germany",https://pbs.twimg.com/profile_images/1471855371048390670/aw3wKiYR_normal.jpg,,6688,1059,4026,80,7810,https://t.co/2N3ZDnHYvq,,NA,FALSE,2024-04-15
1163361530836135936,Ralf Beste,rabe_diplo,2019-08-19T08:06:23Z,Abteilungsleiter Kultur und Gesellschaft @AuswaertigesAmt. Director General @GermanyDiplo.,,Berlin,https://pbs.twimg.com/profile_images/1626885886557188097/UMMkYSTE_normal.jpg,,4758,237,2292,25,4455,https://t.co/m7yyTzREYE,,NA,FALSE,2024-04-15
1505912716346679305,Sven Egyedy,AAdigitalisiert,2022-03-21T14:23:02Z,"Posts des Beauftragten fÃ¼r Digitalisierung, Cyberabwehr, Digital-/Datenpolitik @AuswaertigesAmt Impressum+Datenschutz: https://t.co/GKzQPckdR9",,Berlin,https://pbs.twimg.com/profile_images/1575470485038665728/MpahaXuI_normal.jpg,,740,298,208,2,334,https://t.co/Cu3Oed6qBp,,NA,FALSE,2024-04-15
1563086307168989184,Stefan Schneck,GERonSyria,2022-08-26T09:48:03Z,"Special Envoy for |  Ø§Ù„Ù…Ø¨Ø¹ÙˆØ« Ø§Ù„Ø£Ù„Ù…Ø§Ù†ÙŠ Ø§Ù„Ø®Ø§Øµ Ù„Ø³ÙˆØ±ÙŠØ§ Syria, German Federal Foreign Office",,"Berlin, Deutschland",https://pbs.twimg.com/profile_images/1563938391040950272/KEr9uwzO_normal.jpg,,10668,39,550,25,150,https://t.co/EaPa9WyYPY,,NA,FALSE,2024-04-15
